[2026-05-11 07:49:08] local.ERROR: Writing to C:/Users/michaelu/AppData/Roaming/PsySH/psysh_history is not allowed. {"exception":"[object] (ErrorException(code: 0): Writing to C:/Users/michaelu/AppData/Roaming/PsySH/psysh_history is not allowed. at C:\\XAMPP\\htdocs\\EODS\\Backend\\vendor\\psy\\psysh\\src\\ConfigPaths.php:351)
[stacktrace]
#0 C:\\XAMPP\\htdocs\\EODS\\Backend\\vendor\\laravel\\framework\\src\\Illuminate\\Foundation\\Bootstrap\\HandleExceptions.php(255): Illuminate\\Foundation\\Bootstrap\\HandleExceptions->handleError(1024, 'Writing to C:/U...', 'C:\\\\XAMPP\\\\htdocs...', 351)
#1 [internal function]: Illuminate\\Foundation\\Bootstrap\\HandleExceptions->Illuminate\\Foundation\\Bootstrap\\{closure}(1024, 'Writing to C:/U...', 'C:\\\\XAMPP\\\\htdocs...', 351)
#2 C:\\XAMPP\\htdocs\\EODS\\Backend\\vendor\\psy\\psysh\\src\\ConfigPaths.php(351): trigger_error('Writing to C:/U...', 1024)
#3 C:\\XAMPP\\htdocs\\EODS\\Backend\\vendor\\psy\\psysh\\src\\Configuration.php(646): Psy\\ConfigPaths::touchFileWithMkdir('C:/Users/michae...')
#4 C:\\XAMPP\\htdocs\\EODS\\Backend\\vendor\\psy\\psysh\\src\\Configuration.php(669): Psy\\Configuration->setHistoryFile('C:/Users/michae...')
#5 C:\\XAMPP\\htdocs\\EODS\\Backend\\vendor\\psy\\psysh\\src\\Configuration.php(809): Psy\\Configuration->getHistoryFile()
#6 C:\\XAMPP\\htdocs\\EODS\\Backend\\vendor\\psy\\psysh\\src\\Shell.php(88): Psy\\Configuration->getReadline()
#7 C:\\XAMPP\\htdocs\\EODS\\Backend\\vendor\\laravel\\tinker\\src\\Console\\TinkerCommand.php(59): Psy\\Shell->__construct(Object(Psy\\Configuration))
#8 C:\\XAMPP\\htdocs\\EODS\\Backend\\vendor\\laravel\\framework\\src\\Illuminate\\Container\\BoundMethod.php(36): Laravel\\Tinker\\Console\\TinkerCommand->handle()
#9 C:\\XAMPP\\htdocs\\EODS\\Backend\\vendor\\laravel\\framework\\src\\Illuminate\\Container\\Util.php(41): Illuminate\\Container\\BoundMethod::Illuminate\\Container\\{closure}()
#10 C:\\XAMPP\\htdocs\\EODS\\Backend\\vendor\\laravel\\framework\\src\\Illuminate\\Container\\BoundMethod.php(93): Illuminate\\Container\\Util::unwrapIfClosure(Object(Closure))
#11 C:\\XAMPP\\htdocs\\EODS\\Backend\\vendor\\laravel\\framework\\src\\Illuminate\\Container\\BoundMethod.php(35): Illuminate\\Container\\BoundMethod::callBoundMethod(Object(Illuminate\\Foundation\\Application), Array, Object(Closure))
#12 C:\\XAMPP\\htdocs\\EODS\\Backend\\vendor\\laravel\\framework\\src\\Illuminate\\Container\\Container.php(662): Illuminate\\Container\\BoundMethod::call(Object(Illuminate\\Foundation\\Application), Array, Array, NULL)
#13 C:\\XAMPP\\htdocs\\EODS\\Backend\\vendor\\laravel\\framework\\src\\Illuminate\\Console\\Command.php(211): Illuminate\\Container\\Container->call(Array)
#14 C:\\XAMPP\\htdocs\\EODS\\Backend\\vendor\\symfony\\console\\Command\\Command.php(326): Illuminate\\Console\\Command->execute(Object(Symfony\\Component\\Console\\Input\\ArgvInput), Object(Illuminate\\Console\\OutputStyle))
#15 C:\\XAMPP\\htdocs\\EODS\\Backend\\vendor\\laravel\\framework\\src\\Illuminate\\Console\\Command.php(180): Symfony\\Component\\Console\\Command\\Command->run(Object(Symfony\\Component\\Console\\Input\\ArgvInput), Object(Illuminate\\Console\\OutputStyle))
#16 C:\\XAMPP\\htdocs\\EODS\\Backend\\vendor\\symfony\\console\\Application.php(1096): Illuminate\\Console\\Command->run(Object(Symfony\\Component\\Console\\Input\\ArgvInput), Object(Symfony\\Component\\Console\\Output\\ConsoleOutput))
#17 C:\\XAMPP\\htdocs\\EODS\\Backend\\vendor\\symfony\\console\\Application.php(324): Symfony\\Component\\Console\\Application->doRunCommand(Object(Laravel\\Tinker\\Console\\TinkerCommand), Object(Symfony\\Component\\Console\\Input\\ArgvInput), Object(Symfony\\Component\\Console\\Output\\ConsoleOutput))
#18 C:\\XAMPP\\htdocs\\EODS\\Backend\\vendor\\symfony\\console\\Application.php(175): Symfony\\Component\\Console\\Application->doRun(Object(Symfony\\Component\\Console\\Input\\ArgvInput), Object(Symfony\\Component\\Console\\Output\\ConsoleOutput))
#19 C:\\XAMPP\\htdocs\\EODS\\Backend\\vendor\\laravel\\framework\\src\\Illuminate\\Foundation\\Console\\Kernel.php(201): Symfony\\Component\\Console\\Application->run(Object(Symfony\\Component\\Console\\Input\\ArgvInput), Object(Symfony\\Component\\Console\\Output\\ConsoleOutput))
#20 C:\\XAMPP\\htdocs\\EODS\\Backend\\artisan(35): Illuminate\\Foundation\\Console\\Kernel->handle(Object(Symfony\\Component\\Console\\Input\\ArgvInput), Object(Symfony\\Component\\Console\\Output\\ConsoleOutput))
#21 {main}
"} 
[2026-05-11 07:49:56] local.ERROR: SQLSTATE[HY000] [1044] Access denied for user 'eo_trace'@'%' to database 'laravel' (Connection: mysql, SQL: select * from `users` where `email` = michael.sutanto@ecogreenoleo.co.id limit 1) {"exception":"[object] (Illuminate\\Database\\QueryException(code: 1044): SQLSTATE[HY000] [1044] Access denied for user 'eo_trace'@'%' to database 'laravel' (Connection: mysql, SQL: select * from `users` where `email` = michael.sutanto@ecogreenoleo.co.id limit 1) at C:\\XAMPP\\htdocs\\EODS\\Backend\\vendor\\laravel\\framework\\src\\Illuminate\\Database\\Connection.php:829)
[stacktrace]
#0 C:\\XAMPP\\htdocs\\EODS\\Backend\\vendor\\laravel\\framework\\src\\Illuminate\\Database\\Connection.php(783): Illuminate\\Database\\Connection->runQueryCallback('select * from `...', Array, Object(Closure))
#1 C:\\XAMPP\\htdocs\\EODS\\Backend\\vendor\\laravel\\framework\\src\\Illuminate\\Database\\Connection.php(414): Illuminate\\Database\\Connection->run('select * from `...', Array, Object(Closure))
#2 C:\\XAMPP\\htdocs\\EODS\\Backend\\vendor\\laravel\\framework\\src\\Illuminate\\Database\\Query\\Builder.php(2797): Illuminate\\Database\\Connection->select('select * from `...', Array, true)
#3 C:\\XAMPP\\htdocs\\EODS\\Backend\\vendor\\laravel\\framework\\src\\Illuminate\\Database\\Query\\Builder.php(2786): Illuminate\\Database\\Query\\Builder->runSelect()
#4 C:\\XAMPP\\htdocs\\EODS\\Backend\\vendor\\laravel\\framework\\src\\Illuminate\\Database\\Query\\Builder.php(3340): Illuminate\\Database\\Query\\Builder->Illuminate\\Database\\Query\\{closure}()
#5 C:\\XAMPP\\htdocs\\EODS\\Backend\\vendor\\laravel\\framework\\src\\Illuminate\\Database\\Query\\Builder.php(2785): Illuminate\\Database\\Query\\Builder->onceWithColumns(Array, Object(Closure))
#6 C:\\XAMPP\\htdocs\\EODS\\Backend\\vendor\\laravel\\framework\\src\\Illuminate\\Database\\Eloquent\\Builder.php(738): Illuminate\\Database\\Query\\Builder->get(Array)
#7 C:\\XAMPP\\htdocs\\EODS\\Backend\\vendor\\laravel\\framework\\src\\Illuminate\\Database\\Eloquent\\Builder.php(722): Illuminate\\Database\\Eloquent\\Builder->getModels(Array)
#8 C:\\XAMPP\\htdocs\\EODS\\Backend\\vendor\\laravel\\framework\\src\\Illuminate\\Database\\Concerns\\BuildsQueries.php(333): Illuminate\\Database\\Eloquent\\Builder->get(Array)
#9 C:\\XAMPP\\htdocs\\EODS\\Backend\\codex_add_user.php(18): Illuminate\\Database\\Eloquent\\Builder->first()
#10 {main}

[previous exception] [object] (PDOException(code: 1044): SQLSTATE[HY000] [1044] Access denied for user 'eo_trace'@'%' to database 'laravel' at C:\\XAMPP\\htdocs\\EODS\\Backend\\vendor\\laravel\\framework\\src\\Illuminate\\Database\\Connectors\\Connector.php:65)
[stacktrace]
#0 C:\\XAMPP\\htdocs\\EODS\\Backend\\vendor\\laravel\\framework\\src\\Illuminate\\Database\\Connectors\\Connector.php(65): PDO->__construct('mysql:host=eoba...', 'eo_trace', Object(SensitiveParameterValue), Array)
#1 C:\\XAMPP\\htdocs\\EODS\\Backend\\vendor\\laravel\\framework\\src\\Illuminate\\Database\\Connectors\\Connector.php(44): Illuminate\\Database\\Connectors\\Connector->createPdoConnection('mysql:host=eoba...', 'eo_trace', 'eoTrace_admin12...', Array)
#2 C:\\XAMPP\\htdocs\\EODS\\Backend\\vendor\\laravel\\framework\\src\\Illuminate\\Database\\Connectors\\MySqlConnector.php(24): Illuminate\\Database\\Connectors\\Connector->createConnection('mysql:host=eoba...', Array, Array)
#3 C:\\XAMPP\\htdocs\\EODS\\Backend\\vendor\\laravel\\framework\\src\\Illuminate\\Database\\Connectors\\ConnectionFactory.php(184): Illuminate\\Database\\Connectors\\MySqlConnector->connect(Array)
#4 [internal function]: Illuminate\\Database\\Connectors\\ConnectionFactory->Illuminate\\Database\\Connectors\\{closure}()
#5 C:\\XAMPP\\htdocs\\EODS\\Backend\\vendor\\laravel\\framework\\src\\Illuminate\\Database\\Connection.php(1339): call_user_func(Object(Closure))
#6 C:\\XAMPP\\htdocs\\EODS\\Backend\\vendor\\laravel\\framework\\src\\Illuminate\\Database\\Connection.php(1375): Illuminate\\Database\\Connection->getPdo()
#7 C:\\XAMPP\\htdocs\\EODS\\Backend\\vendor\\laravel\\framework\\src\\Illuminate\\Database\\Connection.php(528): Illuminate\\Database\\Connection->getReadPdo()
#8 C:\\XAMPP\\htdocs\\EODS\\Backend\\vendor\\laravel\\framework\\src\\Illuminate\\Database\\Connection.php(423): Illuminate\\Database\\Connection->getPdoForSelect(true)
#9 C:\\XAMPP\\htdocs\\EODS\\Backend\\vendor\\laravel\\framework\\src\\Illuminate\\Database\\Connection.php(816): Illuminate\\Database\\Connection->Illuminate\\Database\\{closure}('select * from `...', Array)
#10 C:\\XAMPP\\htdocs\\EODS\\Backend\\vendor\\laravel\\framework\\src\\Illuminate\\Database\\Connection.php(783): Illuminate\\Database\\Connection->runQueryCallback('select * from `...', Array, Object(Closure))
#11 C:\\XAMPP\\htdocs\\EODS\\Backend\\vendor\\laravel\\framework\\src\\Illuminate\\Database\\Connection.php(414): Illuminate\\Database\\Connection->run('select * from `...', Array, Object(Closure))
#12 C:\\XAMPP\\htdocs\\EODS\\Backend\\vendor\\laravel\\framework\\src\\Illuminate\\Database\\Query\\Builder.php(2797): Illuminate\\Database\\Connection->select('select * from `...', Array, true)
#13 C:\\XAMPP\\htdocs\\EODS\\Backend\\vendor\\laravel\\framework\\src\\Illuminate\\Database\\Query\\Builder.php(2786): Illuminate\\Database\\Query\\Builder->runSelect()
#14 C:\\XAMPP\\htdocs\\EODS\\Backend\\vendor\\laravel\\framework\\src\\Illuminate\\Database\\Query\\Builder.php(3340): Illuminate\\Database\\Query\\Builder->Illuminate\\Database\\Query\\{closure}()
#15 C:\\XAMPP\\htdocs\\EODS\\Backend\\vendor\\laravel\\framework\\src\\Illuminate\\Database\\Query\\Builder.php(2785): Illuminate\\Database\\Query\\Builder->onceWithColumns(Array, Object(Closure))
#16 C:\\XAMPP\\htdocs\\EODS\\Backend\\vendor\\laravel\\framework\\src\\Illuminate\\Database\\Eloquent\\Builder.php(738): Illuminate\\Database\\Query\\Builder->get(Array)
#17 C:\\XAMPP\\htdocs\\EODS\\Backend\\vendor\\laravel\\framework\\src\\Illuminate\\Database\\Eloquent\\Builder.php(722): Illuminate\\Database\\Eloquent\\Builder->getModels(Array)
#18 C:\\XAMPP\\htdocs\\EODS\\Backend\\vendor\\laravel\\framework\\src\\Illuminate\\Database\\Concerns\\BuildsQueries.php(333): Illuminate\\Database\\Eloquent\\Builder->get(Array)
#19 C:\\XAMPP\\htdocs\\EODS\\Backend\\codex_add_user.php(18): Illuminate\\Database\\Eloquent\\Builder->first()
#20 {main}
"} 
[2026-05-11 07:51:59] local.ERROR: SQLSTATE[HY000] [1044] Access denied for user 'eo_trace'@'%' to database 'laravel' (Connection: mysql, SQL: select * from `users` where `email` = michael.sutanto@ecogreenoleo.co.id limit 1) {"exception":"[object] (Illuminate\\Database\\QueryException(code: 1044): SQLSTATE[HY000] [1044] Access denied for user 'eo_trace'@'%' to database 'laravel' (Connection: mysql, SQL: select * from `users` where `email` = michael.sutanto@ecogreenoleo.co.id limit 1) at C:\\XAMPP\\htdocs\\EODS\\Backend\\vendor\\laravel\\framework\\src\\Illuminate\\Database\\Connection.php:829)
[stacktrace]
#0 C:\\XAMPP\\htdocs\\EODS\\Backend\\vendor\\laravel\\framework\\src\\Illuminate\\Database\\Connection.php(783): Illuminate\\Database\\Connection->runQueryCallback('select * from `...', Array, Object(Closure))
#1 C:\\XAMPP\\htdocs\\EODS\\Backend\\vendor\\laravel\\framework\\src\\Illuminate\\Database\\Connection.php(414): Illuminate\\Database\\Connection->run('select * from `...', Array, Object(Closure))
#2 C:\\XAMPP\\htdocs\\EODS\\Backend\\vendor\\laravel\\framework\\src\\Illuminate\\Database\\Query\\Builder.php(2797): Illuminate\\Database\\Connection->select('select * from `...', Array, true)
#3 C:\\XAMPP\\htdocs\\EODS\\Backend\\vendor\\laravel\\framework\\src\\Illuminate\\Database\\Query\\Builder.php(2786): Illuminate\\Database\\Query\\Builder->runSelect()
#4 C:\\XAMPP\\htdocs\\EODS\\Backend\\vendor\\laravel\\framework\\src\\Illuminate\\Database\\Query\\Builder.php(3340): Illuminate\\Database\\Query\\Builder->Illuminate\\Database\\Query\\{closure}()
#5 C:\\XAMPP\\htdocs\\EODS\\Backend\\vendor\\laravel\\framework\\src\\Illuminate\\Database\\Query\\Builder.php(2785): Illuminate\\Database\\Query\\Builder->onceWithColumns(Array, Object(Closure))
#6 C:\\XAMPP\\htdocs\\EODS\\Backend\\vendor\\laravel\\framework\\src\\Illuminate\\Database\\Eloquent\\Builder.php(738): Illuminate\\Database\\Query\\Builder->get(Array)
#7 C:\\XAMPP\\htdocs\\EODS\\Backend\\vendor\\laravel\\framework\\src\\Illuminate\\Database\\Eloquent\\Builder.php(722): Illuminate\\Database\\Eloquent\\Builder->getModels(Array)
#8 C:\\XAMPP\\htdocs\\EODS\\Backend\\vendor\\laravel\\framework\\src\\Illuminate\\Database\\Concerns\\BuildsQueries.php(333): Illuminate\\Database\\Eloquent\\Builder->get(Array)
#9 C:\\XAMPP\\htdocs\\EODS\\Backend\\vendor\\laravel\\framework\\src\\Illuminate\\Auth\\EloquentUserProvider.php(139): Illuminate\\Database\\Eloquent\\Builder->first()
#10 C:\\XAMPP\\htdocs\\EODS\\Backend\\vendor\\laravel\\framework\\src\\Illuminate\\Auth\\SessionGuard.php(381): Illuminate\\Auth\\EloquentUserProvider->retrieveByCredentials(Array)
#11 C:\\XAMPP\\htdocs\\EODS\\Backend\\vendor\\laravel\\ui\\auth-backend\\AuthenticatesUsers.php(86): Illuminate\\Auth\\SessionGuard->attempt(Array, false)
#12 C:\\XAMPP\\htdocs\\EODS\\Backend\\vendor\\laravel\\ui\\auth-backend\\AuthenticatesUsers.php(46): App\\Http\\Controllers\\Auth\\LoginController->attemptLogin(Object(Illuminate\\Http\\Request))
#13 C:\\XAMPP\\htdocs\\EODS\\Backend\\vendor\\laravel\\framework\\src\\Illuminate\\Routing\\Controller.php(54): App\\Http\\Controllers\\Auth\\LoginController->login(Object(Illuminate\\Http\\Request))
#14 C:\\XAMPP\\htdocs\\EODS\\Backend\\vendor\\laravel\\framework\\src\\Illuminate\\Routing\\ControllerDispatcher.php(43): Illuminate\\Routing\\Controller->callAction('login', Array)
#15 C:\\XAMPP\\htdocs\\EODS\\Backend\\vendor\\laravel\\framework\\src\\Illuminate\\Routing\\Route.php(259): Illuminate\\Routing\\ControllerDispatcher->dispatch(Object(Illuminate\\Routing\\Route), Object(App\\Http\\Controllers\\Auth\\LoginController), 'login')
#16 C:\\XAMPP\\htdocs\\EODS\\Backend\\vendor\\laravel\\framework\\src\\Illuminate\\Routing\\Route.php(205): Illuminate\\Routing\\Route->runController()
#17 C:\\XAMPP\\htdocs\\EODS\\Backend\\vendor\\laravel\\framework\\src\\Illuminate\\Routing\\Router.php(806): Illuminate\\Routing\\Route->run()
#18 C:\\XAMPP\\htdocs\\EODS\\Backend\\vendor\\laravel\\framework\\src\\Illuminate\\Pipeline\\Pipeline.php(144): Illuminate\\Routing\\Router->Illuminate\\Routing\\{closure}(Object(Illuminate\\Http\\Request))
#19 C:\\XAMPP\\htdocs\\EODS\\Backend\\app\\Http\\Middleware\\RedirectIfAuthenticated.php(28): Illuminate\\Pipeline\\Pipeline->Illuminate\\Pipeline\\{closure}(Object(Illuminate\\Http\\Request))
#20 C:\\XAMPP\\htdocs\\EODS\\Backend\\vendor\\laravel\\framework\\src\\Illuminate\\Pipeline\\Pipeline.php(183): App\\Http\\Middleware\\RedirectIfAuthenticated->handle(Object(Illuminate\\Http\\Request), Object(Closure))
#21 C:\\XAMPP\\htdocs\\EODS\\Backend\\vendor\\laravel\\framework\\src\\Illuminate\\Routing\\Middleware\\SubstituteBindings.php(50): Illuminate\\Pipeline\\Pipeline->Illuminate\\Pipeline\\{closure}(Object(Illuminate\\Http\\Request))
#22 C:\\XAMPP\\htdocs\\EODS\\Backend\\vendor\\laravel\\framework\\src\\Illuminate\\Pipeline\\Pipeline.php(183): Illuminate\\Routing\\Middleware\\SubstituteBindings->handle(Object(Illuminate\\Http\\Request), Object(Closure))
#23 C:\\XAMPP\\htdocs\\EODS\\Backend\\vendor\\laravel\\framework\\src\\Illuminate\\Foundation\\Http\\Middleware\\VerifyCsrfToken.php(78): Illuminate\\Pipeline\\Pipeline->Illuminate\\Pipeline\\{closure}(Object(Illuminate\\Http\\Request))
#24 C:\\XAMPP\\htdocs\\EODS\\Backend\\vendor\\laravel\\framework\\src\\Illuminate\\Pipeline\\Pipeline.php(183): Illuminate\\Foundation\\Http\\Middleware\\VerifyCsrfToken->handle(Object(Illuminate\\Http\\Request), Object(Closure))
#25 C:\\XAMPP\\htdocs\\EODS\\Backend\\vendor\\laravel\\framework\\src\\Illuminate\\View\\Middleware\\ShareErrorsFromSession.php(49): Illuminate\\Pipeline\\Pipeline->Illuminate\\Pipeline\\{closure}(Object(Illuminate\\Http\\Request))
#26 C:\\XAMPP\\htdocs\\EODS\\Backend\\vendor\\laravel\\framework\\src\\Illuminate\\Pipeline\\Pipeline.php(183): Illuminate\\View\\Middleware\\ShareErrorsFromSession->handle(Object(Illuminate\\Http\\Request), Object(Closure))
#27 C:\\XAMPP\\htdocs\\EODS\\Backend\\vendor\\laravel\\framework\\src\\Illuminate\\Session\\Middleware\\StartSession.php(121): Illuminate\\Pipeline\\Pipeline->Illuminate\\Pipeline\\{closure}(Object(Illuminate\\Http\\Request))
#28 C:\\XAMPP\\htdocs\\EODS\\Backend\\vendor\\laravel\\framework\\src\\Illuminate\\Session\\Middleware\\StartSession.php(64): Illuminate\\Session\\Middleware\\StartSession->handleStatefulRequest(Object(Illuminate\\Http\\Request), Object(Illuminate\\Session\\Store), Object(Closure))
#29 C:\\XAMPP\\htdocs\\EODS\\Backend\\vendor\\laravel\\framework\\src\\Illuminate\\Pipeline\\Pipeline.php(183): Illuminate\\Session\\Middleware\\StartSession->handle(Object(Illuminate\\Http\\Request), Object(Closure))
#30 C:\\XAMPP\\htdocs\\EODS\\Backend\\vendor\\laravel\\framework\\src\\Illuminate\\Cookie\\Middleware\\AddQueuedCookiesToResponse.php(37): Illuminate\\Pipeline\\Pipeline->Illuminate\\Pipeline\\{closure}(Object(Illuminate\\Http\\Request))
#31 C:\\XAMPP\\htdocs\\EODS\\Backend\\vendor\\laravel\\framework\\src\\Illuminate\\Pipeline\\Pipeline.php(183): Illuminate\\Cookie\\Middleware\\AddQueuedCookiesToResponse->handle(Object(Illuminate\\Http\\Request), Object(Closure))
#32 C:\\XAMPP\\htdocs\\EODS\\Backend\\vendor\\laravel\\framework\\src\\Illuminate\\Cookie\\Middleware\\EncryptCookies.php(67): Illuminate\\Pipeline\\Pipeline->Illuminate\\Pipeline\\{closure}(Object(Illuminate\\Http\\Request))
#33 C:\\XAMPP\\htdocs\\EODS\\Backend\\vendor\\laravel\\framework\\src\\Illuminate\\Pipeline\\Pipeline.php(183): Illuminate\\Cookie\\Middleware\\EncryptCookies->handle(Object(Illuminate\\Http\\Request), Object(Closure))
#34 C:\\XAMPP\\htdocs\\EODS\\Backend\\vendor\\laravel\\framework\\src\\Illuminate\\Pipeline\\Pipeline.php(119): Illuminate\\Pipeline\\Pipeline->Illuminate\\Pipeline\\{closure}(Object(Illuminate\\Http\\Request))
#35 C:\\XAMPP\\htdocs\\EODS\\Backend\\vendor\\laravel\\framework\\src\\Illuminate\\Routing\\Router.php(805): Illuminate\\Pipeline\\Pipeline->then(Object(Closure))
#36 C:\\XAMPP\\htdocs\\EODS\\Backend\\vendor\\laravel\\framework\\src\\Illuminate\\Routing\\Router.php(784): Illuminate\\Routing\\Router->runRouteWithinStack(Object(Illuminate\\Routing\\Route), Object(Illuminate\\Http\\Request))
#37 C:\\XAMPP\\htdocs\\EODS\\Backend\\vendor\\laravel\\framework\\src\\Illuminate\\Routing\\Router.php(748): Illuminate\\Routing\\Router->runRoute(Object(Illuminate\\Http\\Request), Object(Illuminate\\Routing\\Route))
#38 C:\\XAMPP\\htdocs\\EODS\\Backend\\vendor\\laravel\\framework\\src\\Illuminate\\Routing\\Router.php(737): Illuminate\\Routing\\Router->dispatchToRoute(Object(Illuminate\\Http\\Request))
#39 C:\\XAMPP\\htdocs\\EODS\\Backend\\vendor\\laravel\\framework\\src\\Illuminate\\Foundation\\Http\\Kernel.php(200): Illuminate\\Routing\\Router->dispatch(Object(Illuminate\\Http\\Request))
#40 C:\\XAMPP\\htdocs\\EODS\\Backend\\vendor\\laravel\\framework\\src\\Illuminate\\Pipeline\\Pipeline.php(144): Illuminate\\Foundation\\Http\\Kernel->Illuminate\\Foundation\\Http\\{closure}(Object(Illuminate\\Http\\Request))
#41 C:\\XAMPP\\htdocs\\EODS\\Backend\\vendor\\laravel\\framework\\src\\Illuminate\\Foundation\\Http\\Middleware\\TransformsRequest.php(21): Illuminate\\Pipeline\\Pipeline->Illuminate\\Pipeline\\{closure}(Object(Illuminate\\Http\\Request))
#42 C:\\XAMPP\\htdocs\\EODS\\Backend\\vendor\\laravel\\framework\\src\\Illuminate\\Foundation\\Http\\Middleware\\ConvertEmptyStringsToNull.php(31): Illuminate\\Foundation\\Http\\Middleware\\TransformsRequest->handle(Object(Illuminate\\Http\\Request), Object(Closure))
#43 C:\\XAMPP\\htdocs\\EODS\\Backend\\vendor\\laravel\\framework\\src\\Illuminate\\Pipeline\\Pipeline.php(183): Illuminate\\Foundation\\Http\\Middleware\\ConvertEmptyStringsToNull->handle(Object(Illuminate\\Http\\Request), Object(Closure))
#44 C:\\XAMPP\\htdocs\\EODS\\Backend\\vendor\\laravel\\framework\\src\\Illuminate\\Foundation\\Http\\Middleware\\TransformsRequest.php(21): Illuminate\\Pipeline\\Pipeline->Illuminate\\Pipeline\\{closure}(Object(Illuminate\\Http\\Request))
#45 C:\\XAMPP\\htdocs\\EODS\\Backend\\vendor\\laravel\\framework\\src\\Illuminate\\Foundation\\Http\\Middleware\\TrimStrings.php(40): Illuminate\\Foundation\\Http\\Middleware\\TransformsRequest->handle(Object(Illuminate\\Http\\Request), Object(Closure))
#46 C:\\XAMPP\\htdocs\\EODS\\Backend\\vendor\\laravel\\framework\\src\\Illuminate\\Pipeline\\Pipeline.php(183): Illuminate\\Foundation\\Http\\Middleware\\TrimStrings->handle(Object(Illuminate\\Http\\Request), Object(Closure))
#47 C:\\XAMPP\\htdocs\\EODS\\Backend\\vendor\\laravel\\framework\\src\\Illuminate\\Foundation\\Http\\Middleware\\ValidatePostSize.php(27): Illuminate\\Pipeline\\Pipeline->Illuminate\\Pipeline\\{closure}(Object(Illuminate\\Http\\Request))
#48 C:\\XAMPP\\htdocs\\EODS\\Backend\\vendor\\laravel\\framework\\src\\Illuminate\\Pipeline\\Pipeline.php(183): Illuminate\\Foundation\\Http\\Middleware\\ValidatePostSize->handle(Object(Illuminate\\Http\\Request), Object(Closure))
#49 C:\\XAMPP\\htdocs\\EODS\\Backend\\vendor\\laravel\\framework\\src\\Illuminate\\Foundation\\Http\\Middleware\\PreventRequestsDuringMaintenance.php(99): Illuminate\\Pipeline\\Pipeline->Illuminate\\Pipeline\\{closure}(Object(Illuminate\\Http\\Request))
#50 C:\\XAMPP\\htdocs\\EODS\\Backend\\vendor\\laravel\\framework\\src\\Illuminate\\Pipeline\\Pipeline.php(183): Illuminate\\Foundation\\Http\\Middleware\\PreventRequestsDuringMaintenance->handle(Object(Illuminate\\Http\\Request), Object(Closure))
#51 C:\\XAMPP\\htdocs\\EODS\\Backend\\vendor\\laravel\\framework\\src\\Illuminate\\Http\\Middleware\\HandleCors.php(49): Illuminate\\Pipeline\\Pipeline->Illuminate\\Pipeline\\{closure}(Object(Illuminate\\Http\\Request))
#52 C:\\XAMPP\\htdocs\\EODS\\Backend\\vendor\\laravel\\framework\\src\\Illuminate\\Pipeline\\Pipeline.php(183): Illuminate\\Http\\Middleware\\HandleCors->handle(Object(Illuminate\\Http\\Request), Object(Closure))
#53 C:\\XAMPP\\htdocs\\EODS\\Backend\\vendor\\laravel\\framework\\src\\Illuminate\\Http\\Middleware\\TrustProxies.php(39): Illuminate\\Pipeline\\Pipeline->Illuminate\\Pipeline\\{closure}(Object(Illuminate\\Http\\Request))
#54 C:\\XAMPP\\htdocs\\EODS\\Backend\\vendor\\laravel\\framework\\src\\Illuminate\\Pipeline\\Pipeline.php(183): Illuminate\\Http\\Middleware\\TrustProxies->handle(Object(Illuminate\\Http\\Request), Object(Closure))
#55 C:\\XAMPP\\htdocs\\EODS\\Backend\\vendor\\laravel\\framework\\src\\Illuminate\\Pipeline\\Pipeline.php(119): Illuminate\\Pipeline\\Pipeline->Illuminate\\Pipeline\\{closure}(Object(Illuminate\\Http\\Request))
#56 C:\\XAMPP\\htdocs\\EODS\\Backend\\vendor\\laravel\\framework\\src\\Illuminate\\Foundation\\Http\\Kernel.php(175): Illuminate\\Pipeline\\Pipeline->then(Object(Closure))
#57 C:\\XAMPP\\htdocs\\EODS\\Backend\\vendor\\laravel\\framework\\src\\Illuminate\\Foundation\\Http\\Kernel.php(144): Illuminate\\Foundation\\Http\\Kernel->sendRequestThroughRouter(Object(Illuminate\\Http\\Request))
#58 C:\\XAMPP\\htdocs\\EODS\\Backend\\public\\index.php(51): Illuminate\\Foundation\\Http\\Kernel->handle(Object(Illuminate\\Http\\Request))
#59 C:\\XAMPP\\htdocs\\EODS\\Backend\\vendor\\laravel\\framework\\src\\Illuminate\\Foundation\\resources\\server.php(16): require_once('C:\\\\XAMPP\\\\htdocs...')
#60 {main}

[previous exception] [object] (PDOException(code: 1044): SQLSTATE[HY000] [1044] Access denied for user 'eo_trace'@'%' to database 'laravel' at C:\\XAMPP\\htdocs\\EODS\\Backend\\vendor\\laravel\\framework\\src\\Illuminate\\Database\\Connectors\\Connector.php:65)
[stacktrace]
#0 C:\\XAMPP\\htdocs\\EODS\\Backend\\vendor\\laravel\\framework\\src\\Illuminate\\Database\\Connectors\\Connector.php(65): PDO->__construct('mysql:host=eoba...', 'eo_trace', Object(SensitiveParameterValue), Array)
#1 C:\\XAMPP\\htdocs\\EODS\\Backend\\vendor\\laravel\\framework\\src\\Illuminate\\Database\\Connectors\\Connector.php(44): Illuminate\\Database\\Connectors\\Connector->createPdoConnection('mysql:host=eoba...', 'eo_trace', 'eoTrace_admin12...', Array)
#2 C:\\XAMPP\\htdocs\\EODS\\Backend\\vendor\\laravel\\framework\\src\\Illuminate\\Database\\Connectors\\MySqlConnector.php(24): Illuminate\\Database\\Connectors\\Connector->createConnection('mysql:host=eoba...', Array, Array)
#3 C:\\XAMPP\\htdocs\\EODS\\Backend\\vendor\\laravel\\framework\\src\\Illuminate\\Database\\Connectors\\ConnectionFactory.php(184): Illuminate\\Database\\Connectors\\MySqlConnector->connect(Array)
#4 [internal function]: Illuminate\\Database\\Connectors\\ConnectionFactory->Illuminate\\Database\\Connectors\\{closure}()
#5 C:\\XAMPP\\htdocs\\EODS\\Backend\\vendor\\laravel\\framework\\src\\Illuminate\\Database\\Connection.php(1339): call_user_func(Object(Closure))
#6 C:\\XAMPP\\htdocs\\EODS\\Backend\\vendor\\laravel\\framework\\src\\Illuminate\\Database\\Connection.php(1375): Illuminate\\Database\\Connection->getPdo()
#7 C:\\XAMPP\\htdocs\\EODS\\Backend\\vendor\\laravel\\framework\\src\\Illuminate\\Database\\Connection.php(528): Illuminate\\Database\\Connection->getReadPdo()
#8 C:\\XAMPP\\htdocs\\EODS\\Backend\\vendor\\laravel\\framework\\src\\Illuminate\\Database\\Connection.php(423): Illuminate\\Database\\Connection->getPdoForSelect(true)
#9 C:\\XAMPP\\htdocs\\EODS\\Backend\\vendor\\laravel\\framework\\src\\Illuminate\\Database\\Connection.php(816): Illuminate\\Database\\Connection->Illuminate\\Database\\{closure}('select * from `...', Array)
#10 C:\\XAMPP\\htdocs\\EODS\\Backend\\vendor\\laravel\\framework\\src\\Illuminate\\Database\\Connection.php(783): Illuminate\\Database\\Connection->runQueryCallback('select * from `...', Array, Object(Closure))
#11 C:\\XAMPP\\htdocs\\EODS\\Backend\\vendor\\laravel\\framework\\src\\Illuminate\\Database\\Connection.php(414): Illuminate\\Database\\Connection->run('select * from `...', Array, Object(Closure))
#12 C:\\XAMPP\\htdocs\\EODS\\Backend\\vendor\\laravel\\framework\\src\\Illuminate\\Database\\Query\\Builder.php(2797): Illuminate\\Database\\Connection->select('select * from `...', Array, true)
#13 C:\\XAMPP\\htdocs\\EODS\\Backend\\vendor\\laravel\\framework\\src\\Illuminate\\Database\\Query\\Builder.php(2786): Illuminate\\Database\\Query\\Builder->runSelect()
#14 C:\\XAMPP\\htdocs\\EODS\\Backend\\vendor\\laravel\\framework\\src\\Illuminate\\Database\\Query\\Builder.php(3340): Illuminate\\Database\\Query\\Builder->Illuminate\\Database\\Query\\{closure}()
#15 C:\\XAMPP\\htdocs\\EODS\\Backend\\vendor\\laravel\\framework\\src\\Illuminate\\Database\\Query\\Builder.php(2785): Illuminate\\Database\\Query\\Builder->onceWithColumns(Array, Object(Closure))
#16 C:\\XAMPP\\htdocs\\EODS\\Backend\\vendor\\laravel\\framework\\src\\Illuminate\\Database\\Eloquent\\Builder.php(738): Illuminate\\Database\\Query\\Builder->get(Array)
#17 C:\\XAMPP\\htdocs\\EODS\\Backend\\vendor\\laravel\\framework\\src\\Illuminate\\Database\\Eloquent\\Builder.php(722): Illuminate\\Database\\Eloquent\\Builder->getModels(Array)
#18 C:\\XAMPP\\htdocs\\EODS\\Backend\\vendor\\laravel\\framework\\src\\Illuminate\\Database\\Concerns\\BuildsQueries.php(333): Illuminate\\Database\\Eloquent\\Builder->get(Array)
#19 C:\\XAMPP\\htdocs\\EODS\\Backend\\vendor\\laravel\\framework\\src\\Illuminate\\Auth\\EloquentUserProvider.php(139): Illuminate\\Database\\Eloquent\\Builder->first()
#20 C:\\XAMPP\\htdocs\\EODS\\Backend\\vendor\\laravel\\framework\\src\\Illuminate\\Auth\\SessionGuard.php(381): Illuminate\\Auth\\EloquentUserProvider->retrieveByCredentials(Array)
#21 C:\\XAMPP\\htdocs\\EODS\\Backend\\vendor\\laravel\\ui\\auth-backend\\AuthenticatesUsers.php(86): Illuminate\\Auth\\SessionGuard->attempt(Array, false)
#22 C:\\XAMPP\\htdocs\\EODS\\Backend\\vendor\\laravel\\ui\\auth-backend\\AuthenticatesUsers.php(46): App\\Http\\Controllers\\Auth\\LoginController->attemptLogin(Object(Illuminate\\Http\\Request))
#23 C:\\XAMPP\\htdocs\\EODS\\Backend\\vendor\\laravel\\framework\\src\\Illuminate\\Routing\\Controller.php(54): App\\Http\\Controllers\\Auth\\LoginController->login(Object(Illuminate\\Http\\Request))
#24 C:\\XAMPP\\htdocs\\EODS\\Backend\\vendor\\laravel\\framework\\src\\Illuminate\\Routing\\ControllerDispatcher.php(43): Illuminate\\Routing\\Controller->callAction('login', Array)
#25 C:\\XAMPP\\htdocs\\EODS\\Backend\\vendor\\laravel\\framework\\src\\Illuminate\\Routing\\Route.php(259): Illuminate\\Routing\\ControllerDispatcher->dispatch(Object(Illuminate\\Routing\\Route), Object(App\\Http\\Controllers\\Auth\\LoginController), 'login')
#26 C:\\XAMPP\\htdocs\\EODS\\Backend\\vendor\\laravel\\framework\\src\\Illuminate\\Routing\\Route.php(205): Illuminate\\Routing\\Route->runController()
#27 C:\\XAMPP\\htdocs\\EODS\\Backend\\vendor\\laravel\\framework\\src\\Illuminate\\Routing\\Router.php(806): Illuminate\\Routing\\Route->run()
#28 C:\\XAMPP\\htdocs\\EODS\\Backend\\vendor\\laravel\\framework\\src\\Illuminate\\Pipeline\\Pipeline.php(144): Illuminate\\Routing\\Router->Illuminate\\Routing\\{closure}(Object(Illuminate\\Http\\Request))
#29 C:\\XAMPP\\htdocs\\EODS\\Backend\\app\\Http\\Middleware\\RedirectIfAuthenticated.php(28): Illuminate\\Pipeline\\Pipeline->Illuminate\\Pipeline\\{closure}(Object(Illuminate\\Http\\Request))
#30 C:\\XAMPP\\htdocs\\EODS\\Backend\\vendor\\laravel\\framework\\src\\Illuminate\\Pipeline\\Pipeline.php(183): App\\Http\\Middleware\\RedirectIfAuthenticated->handle(Object(Illuminate\\Http\\Request), Object(Closure))
#31 C:\\XAMPP\\htdocs\\EODS\\Backend\\vendor\\laravel\\framework\\src\\Illuminate\\Routing\\Middleware\\SubstituteBindings.php(50): Illuminate\\Pipeline\\Pipeline->Illuminate\\Pipeline\\{closure}(Object(Illuminate\\Http\\Request))
#32 C:\\XAMPP\\htdocs\\EODS\\Backend\\vendor\\laravel\\framework\\src\\Illuminate\\Pipeline\\Pipeline.php(183): Illuminate\\Routing\\Middleware\\SubstituteBindings->handle(Object(Illuminate\\Http\\Request), Object(Closure))
#33 C:\\XAMPP\\htdocs\\EODS\\Backend\\vendor\\laravel\\framework\\src\\Illuminate\\Foundation\\Http\\Middleware\\VerifyCsrfToken.php(78): Illuminate\\Pipeline\\Pipeline->Illuminate\\Pipeline\\{closure}(Object(Illuminate\\Http\\Request))
#34 C:\\XAMPP\\htdocs\\EODS\\Backend\\vendor\\laravel\\framework\\src\\Illuminate\\Pipeline\\Pipeline.php(183): Illuminate\\Foundation\\Http\\Middleware\\VerifyCsrfToken->handle(Object(Illuminate\\Http\\Request), Object(Closure))
#35 C:\\XAMPP\\htdocs\\EODS\\Backend\\vendor\\laravel\\framework\\src\\Illuminate\\View\\Middleware\\ShareErrorsFromSession.php(49): Illuminate\\Pipeline\\Pipeline->Illuminate\\Pipeline\\{closure}(Object(Illuminate\\Http\\Request))
#36 C:\\XAMPP\\htdocs\\EODS\\Backend\\vendor\\laravel\\framework\\src\\Illuminate\\Pipeline\\Pipeline.php(183): Illuminate\\View\\Middleware\\ShareErrorsFromSession->handle(Object(Illuminate\\Http\\Request), Object(Closure))
#37 C:\\XAMPP\\htdocs\\EODS\\Backend\\vendor\\laravel\\framework\\src\\Illuminate\\Session\\Middleware\\StartSession.php(121): Illuminate\\Pipeline\\Pipeline->Illuminate\\Pipeline\\{closure}(Object(Illuminate\\Http\\Request))
#38 C:\\XAMPP\\htdocs\\EODS\\Backend\\vendor\\laravel\\framework\\src\\Illuminate\\Session\\Middleware\\StartSession.php(64): Illuminate\\Session\\Middleware\\StartSession->handleStatefulRequest(Object(Illuminate\\Http\\Request), Object(Illuminate\\Session\\Store), Object(Closure))
#39 C:\\XAMPP\\htdocs\\EODS\\Backend\\vendor\\laravel\\framework\\src\\Illuminate\\Pipeline\\Pipeline.php(183): Illuminate\\Session\\Middleware\\StartSession->handle(Object(Illuminate\\Http\\Request), Object(Closure))
#40 C:\\XAMPP\\htdocs\\EODS\\Backend\\vendor\\laravel\\framework\\src\\Illuminate\\Cookie\\Middleware\\AddQueuedCookiesToResponse.php(37): Illuminate\\Pipeline\\Pipeline->Illuminate\\Pipeline\\{closure}(Object(Illuminate\\Http\\Request))
#41 C:\\XAMPP\\htdocs\\EODS\\Backend\\vendor\\laravel\\framework\\src\\Illuminate\\Pipeline\\Pipeline.php(183): Illuminate\\Cookie\\Middleware\\AddQueuedCookiesToResponse->handle(Object(Illuminate\\Http\\Request), Object(Closure))
#42 C:\\XAMPP\\htdocs\\EODS\\Backend\\vendor\\laravel\\framework\\src\\Illuminate\\Cookie\\Middleware\\EncryptCookies.php(67): Illuminate\\Pipeline\\Pipeline->Illuminate\\Pipeline\\{closure}(Object(Illuminate\\Http\\Request))
#43 C:\\XAMPP\\htdocs\\EODS\\Backend\\vendor\\laravel\\framework\\src\\Illuminate\\Pipeline\\Pipeline.php(183): Illuminate\\Cookie\\Middleware\\EncryptCookies->handle(Object(Illuminate\\Http\\Request), Object(Closure))
#44 C:\\XAMPP\\htdocs\\EODS\\Backend\\vendor\\laravel\\framework\\src\\Illuminate\\Pipeline\\Pipeline.php(119): Illuminate\\Pipeline\\Pipeline->Illuminate\\Pipeline\\{closure}(Object(Illuminate\\Http\\Request))
#45 C:\\XAMPP\\htdocs\\EODS\\Backend\\vendor\\laravel\\framework\\src\\Illuminate\\Routing\\Router.php(805): Illuminate\\Pipeline\\Pipeline->then(Object(Closure))
#46 C:\\XAMPP\\htdocs\\EODS\\Backend\\vendor\\laravel\\framework\\src\\Illuminate\\Routing\\Router.php(784): Illuminate\\Routing\\Router->runRouteWithinStack(Object(Illuminate\\Routing\\Route), Object(Illuminate\\Http\\Request))
#47 C:\\XAMPP\\htdocs\\EODS\\Backend\\vendor\\laravel\\framework\\src\\Illuminate\\Routing\\Router.php(748): Illuminate\\Routing\\Router->runRoute(Object(Illuminate\\Http\\Request), Object(Illuminate\\Routing\\Route))
#48 C:\\XAMPP\\htdocs\\EODS\\Backend\\vendor\\laravel\\framework\\src\\Illuminate\\Routing\\Router.php(737): Illuminate\\Routing\\Router->dispatchToRoute(Object(Illuminate\\Http\\Request))
#49 C:\\XAMPP\\htdocs\\EODS\\Backend\\vendor\\laravel\\framework\\src\\Illuminate\\Foundation\\Http\\Kernel.php(200): Illuminate\\Routing\\Router->dispatch(Object(Illuminate\\Http\\Request))
#50 C:\\XAMPP\\htdocs\\EODS\\Backend\\vendor\\laravel\\framework\\src\\Illuminate\\Pipeline\\Pipeline.php(144): Illuminate\\Foundation\\Http\\Kernel->Illuminate\\Foundation\\Http\\{closure}(Object(Illuminate\\Http\\Request))
#51 C:\\XAMPP\\htdocs\\EODS\\Backend\\vendor\\laravel\\framework\\src\\Illuminate\\Foundation\\Http\\Middleware\\TransformsRequest.php(21): Illuminate\\Pipeline\\Pipeline->Illuminate\\Pipeline\\{closure}(Object(Illuminate\\Http\\Request))
#52 C:\\XAMPP\\htdocs\\EODS\\Backend\\vendor\\laravel\\framework\\src\\Illuminate\\Foundation\\Http\\Middleware\\ConvertEmptyStringsToNull.php(31): Illuminate\\Foundation\\Http\\Middleware\\TransformsRequest->handle(Object(Illuminate\\Http\\Request), Object(Closure))
#53 C:\\XAMPP\\htdocs\\EODS\\Backend\\vendor\\laravel\\framework\\src\\Illuminate\\Pipeline\\Pipeline.php(183): Illuminate\\Foundation\\Http\\Middleware\\ConvertEmptyStringsToNull->handle(Object(Illuminate\\Http\\Request), Object(Closure))
#54 C:\\XAMPP\\htdocs\\EODS\\Backend\\vendor\\laravel\\framework\\src\\Illuminate\\Foundation\\Http\\Middleware\\TransformsRequest.php(21): Illuminate\\Pipeline\\Pipeline->Illuminate\\Pipeline\\{closure}(Object(Illuminate\\Http\\Request))
#55 C:\\XAMPP\\htdocs\\EODS\\Backend\\vendor\\laravel\\framework\\src\\Illuminate\\Foundation\\Http\\Middleware\\TrimStrings.php(40): Illuminate\\Foundation\\Http\\Middleware\\TransformsRequest->handle(Object(Illuminate\\Http\\Request), Object(Closure))
#56 C:\\XAMPP\\htdocs\\EODS\\Backend\\vendor\\laravel\\framework\\src\\Illuminate\\Pipeline\\Pipeline.php(183): Illuminate\\Foundation\\Http\\Middleware\\TrimStrings->handle(Object(Illuminate\\Http\\Request), Object(Closure))
#57 C:\\XAMPP\\htdocs\\EODS\\Backend\\vendor\\laravel\\framework\\src\\Illuminate\\Foundation\\Http\\Middleware\\ValidatePostSize.php(27): Illuminate\\Pipeline\\Pipeline->Illuminate\\Pipeline\\{closure}(Object(Illuminate\\Http\\Request))
#58 C:\\XAMPP\\htdocs\\EODS\\Backend\\vendor\\laravel\\framework\\src\\Illuminate\\Pipeline\\Pipeline.php(183): Illuminate\\Foundation\\Http\\Middleware\\ValidatePostSize->handle(Object(Illuminate\\Http\\Request), Object(Closure))
#59 C:\\XAMPP\\htdocs\\EODS\\Backend\\vendor\\laravel\\framework\\src\\Illuminate\\Foundation\\Http\\Middleware\\PreventRequestsDuringMaintenance.php(99): Illuminate\\Pipeline\\Pipeline->Illuminate\\Pipeline\\{closure}(Object(Illuminate\\Http\\Request))
#60 C:\\XAMPP\\htdocs\\EODS\\Backend\\vendor\\laravel\\framework\\src\\Illuminate\\Pipeline\\Pipeline.php(183): Illuminate\\Foundation\\Http\\Middleware\\PreventRequestsDuringMaintenance->handle(Object(Illuminate\\Http\\Request), Object(Closure))
#61 C:\\XAMPP\\htdocs\\EODS\\Backend\\vendor\\laravel\\framework\\src\\Illuminate\\Http\\Middleware\\HandleCors.php(49): Illuminate\\Pipeline\\Pipeline->Illuminate\\Pipeline\\{closure}(Object(Illuminate\\Http\\Request))
#62 C:\\XAMPP\\htdocs\\EODS\\Backend\\vendor\\laravel\\framework\\src\\Illuminate\\Pipeline\\Pipeline.php(183): Illuminate\\Http\\Middleware\\HandleCors->handle(Object(Illuminate\\Http\\Request), Object(Closure))
#63 C:\\XAMPP\\htdocs\\EODS\\Backend\\vendor\\laravel\\framework\\src\\Illuminate\\Http\\Middleware\\TrustProxies.php(39): Illuminate\\Pipeline\\Pipeline->Illuminate\\Pipeline\\{closure}(Object(Illuminate\\Http\\Request))
#64 C:\\XAMPP\\htdocs\\EODS\\Backend\\vendor\\laravel\\framework\\src\\Illuminate\\Pipeline\\Pipeline.php(183): Illuminate\\Http\\Middleware\\TrustProxies->handle(Object(Illuminate\\Http\\Request), Object(Closure))
#65 C:\\XAMPP\\htdocs\\EODS\\Backend\\vendor\\laravel\\framework\\src\\Illuminate\\Pipeline\\Pipeline.php(119): Illuminate\\Pipeline\\Pipeline->Illuminate\\Pipeline\\{closure}(Object(Illuminate\\Http\\Request))
#66 C:\\XAMPP\\htdocs\\EODS\\Backend\\vendor\\laravel\\framework\\src\\Illuminate\\Foundation\\Http\\Kernel.php(175): Illuminate\\Pipeline\\Pipeline->then(Object(Closure))
#67 C:\\XAMPP\\htdocs\\EODS\\Backend\\vendor\\laravel\\framework\\src\\Illuminate\\Foundation\\Http\\Kernel.php(144): Illuminate\\Foundation\\Http\\Kernel->sendRequestThroughRouter(Object(Illuminate\\Http\\Request))
#68 C:\\XAMPP\\htdocs\\EODS\\Backend\\public\\index.php(51): Illuminate\\Foundation\\Http\\Kernel->handle(Object(Illuminate\\Http\\Request))
#69 C:\\XAMPP\\htdocs\\EODS\\Backend\\vendor\\laravel\\framework\\src\\Illuminate\\Foundation\\resources\\server.php(16): require_once('C:\\\\XAMPP\\\\htdocs...')
#70 {main}
"} 
[2026-05-11 07:53:06] local.ERROR: SQLSTATE[HY000] [1044] Access denied for user 'eo_trace'@'%' to database 'laravel' (Connection: mysql, SQL: select * from `users` where `email` = michael.sutanto@ecogreenoleo.com limit 1) {"exception":"[object] (Illuminate\\Database\\QueryException(code: 1044): SQLSTATE[HY000] [1044] Access denied for user 'eo_trace'@'%' to database 'laravel' (Connection: mysql, SQL: select * from `users` where `email` = michael.sutanto@ecogreenoleo.com limit 1) at C:\\XAMPP\\htdocs\\EODS\\Backend\\vendor\\laravel\\framework\\src\\Illuminate\\Database\\Connection.php:829)
[stacktrace]
#0 C:\\XAMPP\\htdocs\\EODS\\Backend\\vendor\\laravel\\framework\\src\\Illuminate\\Database\\Connection.php(783): Illuminate\\Database\\Connection->runQueryCallback('select * from `...', Array, Object(Closure))
#1 C:\\XAMPP\\htdocs\\EODS\\Backend\\vendor\\laravel\\framework\\src\\Illuminate\\Database\\Connection.php(414): Illuminate\\Database\\Connection->run('select * from `...', Array, Object(Closure))
#2 C:\\XAMPP\\htdocs\\EODS\\Backend\\vendor\\laravel\\framework\\src\\Illuminate\\Database\\Query\\Builder.php(2797): Illuminate\\Database\\Connection->select('select * from `...', Array, true)
#3 C:\\XAMPP\\htdocs\\EODS\\Backend\\vendor\\laravel\\framework\\src\\Illuminate\\Database\\Query\\Builder.php(2786): Illuminate\\Database\\Query\\Builder->runSelect()
#4 C:\\XAMPP\\htdocs\\EODS\\Backend\\vendor\\laravel\\framework\\src\\Illuminate\\Database\\Query\\Builder.php(3340): Illuminate\\Database\\Query\\Builder->Illuminate\\Database\\Query\\{closure}()
#5 C:\\XAMPP\\htdocs\\EODS\\Backend\\vendor\\laravel\\framework\\src\\Illuminate\\Database\\Query\\Builder.php(2785): Illuminate\\Database\\Query\\Builder->onceWithColumns(Array, Object(Closure))
#6 C:\\XAMPP\\htdocs\\EODS\\Backend\\vendor\\laravel\\framework\\src\\Illuminate\\Database\\Eloquent\\Builder.php(738): Illuminate\\Database\\Query\\Builder->get(Array)
#7 C:\\XAMPP\\htdocs\\EODS\\Backend\\vendor\\laravel\\framework\\src\\Illuminate\\Database\\Eloquent\\Builder.php(722): Illuminate\\Database\\Eloquent\\Builder->getModels(Array)
#8 C:\\XAMPP\\htdocs\\EODS\\Backend\\vendor\\laravel\\framework\\src\\Illuminate\\Database\\Concerns\\BuildsQueries.php(333): Illuminate\\Database\\Eloquent\\Builder->get(Array)
#9 C:\\XAMPP\\htdocs\\EODS\\Backend\\vendor\\laravel\\framework\\src\\Illuminate\\Auth\\EloquentUserProvider.php(139): Illuminate\\Database\\Eloquent\\Builder->first()
#10 C:\\XAMPP\\htdocs\\EODS\\Backend\\vendor\\laravel\\framework\\src\\Illuminate\\Auth\\SessionGuard.php(381): Illuminate\\Auth\\EloquentUserProvider->retrieveByCredentials(Array)
#11 C:\\XAMPP\\htdocs\\EODS\\Backend\\vendor\\laravel\\ui\\auth-backend\\AuthenticatesUsers.php(86): Illuminate\\Auth\\SessionGuard->attempt(Array, false)
#12 C:\\XAMPP\\htdocs\\EODS\\Backend\\vendor\\laravel\\ui\\auth-backend\\AuthenticatesUsers.php(46): App\\Http\\Controllers\\Auth\\LoginController->attemptLogin(Object(Illuminate\\Http\\Request))
#13 C:\\XAMPP\\htdocs\\EODS\\Backend\\vendor\\laravel\\framework\\src\\Illuminate\\Routing\\Controller.php(54): App\\Http\\Controllers\\Auth\\LoginController->login(Object(Illuminate\\Http\\Request))
#14 C:\\XAMPP\\htdocs\\EODS\\Backend\\vendor\\laravel\\framework\\src\\Illuminate\\Routing\\ControllerDispatcher.php(43): Illuminate\\Routing\\Controller->callAction('login', Array)
#15 C:\\XAMPP\\htdocs\\EODS\\Backend\\vendor\\laravel\\framework\\src\\Illuminate\\Routing\\Route.php(259): Illuminate\\Routing\\ControllerDispatcher->dispatch(Object(Illuminate\\Routing\\Route), Object(App\\Http\\Controllers\\Auth\\LoginController), 'login')
#16 C:\\XAMPP\\htdocs\\EODS\\Backend\\vendor\\laravel\\framework\\src\\Illuminate\\Routing\\Route.php(205): Illuminate\\Routing\\Route->runController()
#17 C:\\XAMPP\\htdocs\\EODS\\Backend\\vendor\\laravel\\framework\\src\\Illuminate\\Routing\\Router.php(806): Illuminate\\Routing\\Route->run()
#18 C:\\XAMPP\\htdocs\\EODS\\Backend\\vendor\\laravel\\framework\\src\\Illuminate\\Pipeline\\Pipeline.php(144): Illuminate\\Routing\\Router->Illuminate\\Routing\\{closure}(Object(Illuminate\\Http\\Request))
#19 C:\\XAMPP\\htdocs\\EODS\\Backend\\app\\Http\\Middleware\\RedirectIfAuthenticated.php(28): Illuminate\\Pipeline\\Pipeline->Illuminate\\Pipeline\\{closure}(Object(Illuminate\\Http\\Request))
#20 C:\\XAMPP\\htdocs\\EODS\\Backend\\vendor\\laravel\\framework\\src\\Illuminate\\Pipeline\\Pipeline.php(183): App\\Http\\Middleware\\RedirectIfAuthenticated->handle(Object(Illuminate\\Http\\Request), Object(Closure))
#21 C:\\XAMPP\\htdocs\\EODS\\Backend\\vendor\\laravel\\framework\\src\\Illuminate\\Routing\\Middleware\\SubstituteBindings.php(50): Illuminate\\Pipeline\\Pipeline->Illuminate\\Pipeline\\{closure}(Object(Illuminate\\Http\\Request))
#22 C:\\XAMPP\\htdocs\\EODS\\Backend\\vendor\\laravel\\framework\\src\\Illuminate\\Pipeline\\Pipeline.php(183): Illuminate\\Routing\\Middleware\\SubstituteBindings->handle(Object(Illuminate\\Http\\Request), Object(Closure))
#23 C:\\XAMPP\\htdocs\\EODS\\Backend\\vendor\\laravel\\framework\\src\\Illuminate\\Foundation\\Http\\Middleware\\VerifyCsrfToken.php(78): Illuminate\\Pipeline\\Pipeline->Illuminate\\Pipeline\\{closure}(Object(Illuminate\\Http\\Request))
#24 C:\\XAMPP\\htdocs\\EODS\\Backend\\vendor\\laravel\\framework\\src\\Illuminate\\Pipeline\\Pipeline.php(183): Illuminate\\Foundation\\Http\\Middleware\\VerifyCsrfToken->handle(Object(Illuminate\\Http\\Request), Object(Closure))
#25 C:\\XAMPP\\htdocs\\EODS\\Backend\\vendor\\laravel\\framework\\src\\Illuminate\\View\\Middleware\\ShareErrorsFromSession.php(49): Illuminate\\Pipeline\\Pipeline->Illuminate\\Pipeline\\{closure}(Object(Illuminate\\Http\\Request))
#26 C:\\XAMPP\\htdocs\\EODS\\Backend\\vendor\\laravel\\framework\\src\\Illuminate\\Pipeline\\Pipeline.php(183): Illuminate\\View\\Middleware\\ShareErrorsFromSession->handle(Object(Illuminate\\Http\\Request), Object(Closure))
#27 C:\\XAMPP\\htdocs\\EODS\\Backend\\vendor\\laravel\\framework\\src\\Illuminate\\Session\\Middleware\\StartSession.php(121): Illuminate\\Pipeline\\Pipeline->Illuminate\\Pipeline\\{closure}(Object(Illuminate\\Http\\Request))
#28 C:\\XAMPP\\htdocs\\EODS\\Backend\\vendor\\laravel\\framework\\src\\Illuminate\\Session\\Middleware\\StartSession.php(64): Illuminate\\Session\\Middleware\\StartSession->handleStatefulRequest(Object(Illuminate\\Http\\Request), Object(Illuminate\\Session\\Store), Object(Closure))
#29 C:\\XAMPP\\htdocs\\EODS\\Backend\\vendor\\laravel\\framework\\src\\Illuminate\\Pipeline\\Pipeline.php(183): Illuminate\\Session\\Middleware\\StartSession->handle(Object(Illuminate\\Http\\Request), Object(Closure))
#30 C:\\XAMPP\\htdocs\\EODS\\Backend\\vendor\\laravel\\framework\\src\\Illuminate\\Cookie\\Middleware\\AddQueuedCookiesToResponse.php(37): Illuminate\\Pipeline\\Pipeline->Illuminate\\Pipeline\\{closure}(Object(Illuminate\\Http\\Request))
#31 C:\\XAMPP\\htdocs\\EODS\\Backend\\vendor\\laravel\\framework\\src\\Illuminate\\Pipeline\\Pipeline.php(183): Illuminate\\Cookie\\Middleware\\AddQueuedCookiesToResponse->handle(Object(Illuminate\\Http\\Request), Object(Closure))
#32 C:\\XAMPP\\htdocs\\EODS\\Backend\\vendor\\laravel\\framework\\src\\Illuminate\\Cookie\\Middleware\\EncryptCookies.php(67): Illuminate\\Pipeline\\Pipeline->Illuminate\\Pipeline\\{closure}(Object(Illuminate\\Http\\Request))
#33 C:\\XAMPP\\htdocs\\EODS\\Backend\\vendor\\laravel\\framework\\src\\Illuminate\\Pipeline\\Pipeline.php(183): Illuminate\\Cookie\\Middleware\\EncryptCookies->handle(Object(Illuminate\\Http\\Request), Object(Closure))
#34 C:\\XAMPP\\htdocs\\EODS\\Backend\\vendor\\laravel\\framework\\src\\Illuminate\\Pipeline\\Pipeline.php(119): Illuminate\\Pipeline\\Pipeline->Illuminate\\Pipeline\\{closure}(Object(Illuminate\\Http\\Request))
#35 C:\\XAMPP\\htdocs\\EODS\\Backend\\vendor\\laravel\\framework\\src\\Illuminate\\Routing\\Router.php(805): Illuminate\\Pipeline\\Pipeline->then(Object(Closure))
#36 C:\\XAMPP\\htdocs\\EODS\\Backend\\vendor\\laravel\\framework\\src\\Illuminate\\Routing\\Router.php(784): Illuminate\\Routing\\Router->runRouteWithinStack(Object(Illuminate\\Routing\\Route), Object(Illuminate\\Http\\Request))
#37 C:\\XAMPP\\htdocs\\EODS\\Backend\\vendor\\laravel\\framework\\src\\Illuminate\\Routing\\Router.php(748): Illuminate\\Routing\\Router->runRoute(Object(Illuminate\\Http\\Request), Object(Illuminate\\Routing\\Route))
#38 C:\\XAMPP\\htdocs\\EODS\\Backend\\vendor\\laravel\\framework\\src\\Illuminate\\Routing\\Router.php(737): Illuminate\\Routing\\Router->dispatchToRoute(Object(Illuminate\\Http\\Request))
#39 C:\\XAMPP\\htdocs\\EODS\\Backend\\vendor\\laravel\\framework\\src\\Illuminate\\Foundation\\Http\\Kernel.php(200): Illuminate\\Routing\\Router->dispatch(Object(Illuminate\\Http\\Request))
#40 C:\\XAMPP\\htdocs\\EODS\\Backend\\vendor\\laravel\\framework\\src\\Illuminate\\Pipeline\\Pipeline.php(144): Illuminate\\Foundation\\Http\\Kernel->Illuminate\\Foundation\\Http\\{closure}(Object(Illuminate\\Http\\Request))
#41 C:\\XAMPP\\htdocs\\EODS\\Backend\\vendor\\laravel\\framework\\src\\Illuminate\\Foundation\\Http\\Middleware\\TransformsRequest.php(21): Illuminate\\Pipeline\\Pipeline->Illuminate\\Pipeline\\{closure}(Object(Illuminate\\Http\\Request))
#42 C:\\XAMPP\\htdocs\\EODS\\Backend\\vendor\\laravel\\framework\\src\\Illuminate\\Foundation\\Http\\Middleware\\ConvertEmptyStringsToNull.php(31): Illuminate\\Foundation\\Http\\Middleware\\TransformsRequest->handle(Object(Illuminate\\Http\\Request), Object(Closure))
#43 C:\\XAMPP\\htdocs\\EODS\\Backend\\vendor\\laravel\\framework\\src\\Illuminate\\Pipeline\\Pipeline.php(183): Illuminate\\Foundation\\Http\\Middleware\\ConvertEmptyStringsToNull->handle(Object(Illuminate\\Http\\Request), Object(Closure))
#44 C:\\XAMPP\\htdocs\\EODS\\Backend\\vendor\\laravel\\framework\\src\\Illuminate\\Foundation\\Http\\Middleware\\TransformsRequest.php(21): Illuminate\\Pipeline\\Pipeline->Illuminate\\Pipeline\\{closure}(Object(Illuminate\\Http\\Request))
#45 C:\\XAMPP\\htdocs\\EODS\\Backend\\vendor\\laravel\\framework\\src\\Illuminate\\Foundation\\Http\\Middleware\\TrimStrings.php(40): Illuminate\\Foundation\\Http\\Middleware\\TransformsRequest->handle(Object(Illuminate\\Http\\Request), Object(Closure))
#46 C:\\XAMPP\\htdocs\\EODS\\Backend\\vendor\\laravel\\framework\\src\\Illuminate\\Pipeline\\Pipeline.php(183): Illuminate\\Foundation\\Http\\Middleware\\TrimStrings->handle(Object(Illuminate\\Http\\Request), Object(Closure))
#47 C:\\XAMPP\\htdocs\\EODS\\Backend\\vendor\\laravel\\framework\\src\\Illuminate\\Foundation\\Http\\Middleware\\ValidatePostSize.php(27): Illuminate\\Pipeline\\Pipeline->Illuminate\\Pipeline\\{closure}(Object(Illuminate\\Http\\Request))
#48 C:\\XAMPP\\htdocs\\EODS\\Backend\\vendor\\laravel\\framework\\src\\Illuminate\\Pipeline\\Pipeline.php(183): Illuminate\\Foundation\\Http\\Middleware\\ValidatePostSize->handle(Object(Illuminate\\Http\\Request), Object(Closure))
#49 C:\\XAMPP\\htdocs\\EODS\\Backend\\vendor\\laravel\\framework\\src\\Illuminate\\Foundation\\Http\\Middleware\\PreventRequestsDuringMaintenance.php(99): Illuminate\\Pipeline\\Pipeline->Illuminate\\Pipeline\\{closure}(Object(Illuminate\\Http\\Request))
#50 C:\\XAMPP\\htdocs\\EODS\\Backend\\vendor\\laravel\\framework\\src\\Illuminate\\Pipeline\\Pipeline.php(183): Illuminate\\Foundation\\Http\\Middleware\\PreventRequestsDuringMaintenance->handle(Object(Illuminate\\Http\\Request), Object(Closure))
#51 C:\\XAMPP\\htdocs\\EODS\\Backend\\vendor\\laravel\\framework\\src\\Illuminate\\Http\\Middleware\\HandleCors.php(49): Illuminate\\Pipeline\\Pipeline->Illuminate\\Pipeline\\{closure}(Object(Illuminate\\Http\\Request))
#52 C:\\XAMPP\\htdocs\\EODS\\Backend\\vendor\\laravel\\framework\\src\\Illuminate\\Pipeline\\Pipeline.php(183): Illuminate\\Http\\Middleware\\HandleCors->handle(Object(Illuminate\\Http\\Request), Object(Closure))
#53 C:\\XAMPP\\htdocs\\EODS\\Backend\\vendor\\laravel\\framework\\src\\Illuminate\\Http\\Middleware\\TrustProxies.php(39): Illuminate\\Pipeline\\Pipeline->Illuminate\\Pipeline\\{closure}(Object(Illuminate\\Http\\Request))
#54 C:\\XAMPP\\htdocs\\EODS\\Backend\\vendor\\laravel\\framework\\src\\Illuminate\\Pipeline\\Pipeline.php(183): Illuminate\\Http\\Middleware\\TrustProxies->handle(Object(Illuminate\\Http\\Request), Object(Closure))
#55 C:\\XAMPP\\htdocs\\EODS\\Backend\\vendor\\laravel\\framework\\src\\Illuminate\\Pipeline\\Pipeline.php(119): Illuminate\\Pipeline\\Pipeline->Illuminate\\Pipeline\\{closure}(Object(Illuminate\\Http\\Request))
#56 C:\\XAMPP\\htdocs\\EODS\\Backend\\vendor\\laravel\\framework\\src\\Illuminate\\Foundation\\Http\\Kernel.php(175): Illuminate\\Pipeline\\Pipeline->then(Object(Closure))
#57 C:\\XAMPP\\htdocs\\EODS\\Backend\\vendor\\laravel\\framework\\src\\Illuminate\\Foundation\\Http\\Kernel.php(144): Illuminate\\Foundation\\Http\\Kernel->sendRequestThroughRouter(Object(Illuminate\\Http\\Request))
#58 C:\\XAMPP\\htdocs\\EODS\\Backend\\public\\index.php(51): Illuminate\\Foundation\\Http\\Kernel->handle(Object(Illuminate\\Http\\Request))
#59 C:\\XAMPP\\htdocs\\EODS\\Backend\\vendor\\laravel\\framework\\src\\Illuminate\\Foundation\\resources\\server.php(16): require_once('C:\\\\XAMPP\\\\htdocs...')
#60 {main}

[previous exception] [object] (PDOException(code: 1044): SQLSTATE[HY000] [1044] Access denied for user 'eo_trace'@'%' to database 'laravel' at C:\\XAMPP\\htdocs\\EODS\\Backend\\vendor\\laravel\\framework\\src\\Illuminate\\Database\\Connectors\\Connector.php:65)
[stacktrace]
#0 C:\\XAMPP\\htdocs\\EODS\\Backend\\vendor\\laravel\\framework\\src\\Illuminate\\Database\\Connectors\\Connector.php(65): PDO->__construct('mysql:host=eoba...', 'eo_trace', Object(SensitiveParameterValue), Array)
#1 C:\\XAMPP\\htdocs\\EODS\\Backend\\vendor\\laravel\\framework\\src\\Illuminate\\Database\\Connectors\\Connector.php(44): Illuminate\\Database\\Connectors\\Connector->createPdoConnection('mysql:host=eoba...', 'eo_trace', 'eoTrace_admin12...', Array)
#2 C:\\XAMPP\\htdocs\\EODS\\Backend\\vendor\\laravel\\framework\\src\\Illuminate\\Database\\Connectors\\MySqlConnector.php(24): Illuminate\\Database\\Connectors\\Connector->createConnection('mysql:host=eoba...', Array, Array)
#3 C:\\XAMPP\\htdocs\\EODS\\Backend\\vendor\\laravel\\framework\\src\\Illuminate\\Database\\Connectors\\ConnectionFactory.php(184): Illuminate\\Database\\Connectors\\MySqlConnector->connect(Array)
#4 [internal function]: Illuminate\\Database\\Connectors\\ConnectionFactory->Illuminate\\Database\\Connectors\\{closure}()
#5 C:\\XAMPP\\htdocs\\EODS\\Backend\\vendor\\laravel\\framework\\src\\Illuminate\\Database\\Connection.php(1339): call_user_func(Object(Closure))
#6 C:\\XAMPP\\htdocs\\EODS\\Backend\\vendor\\laravel\\framework\\src\\Illuminate\\Database\\Connection.php(1375): Illuminate\\Database\\Connection->getPdo()
#7 C:\\XAMPP\\htdocs\\EODS\\Backend\\vendor\\laravel\\framework\\src\\Illuminate\\Database\\Connection.php(528): Illuminate\\Database\\Connection->getReadPdo()
#8 C:\\XAMPP\\htdocs\\EODS\\Backend\\vendor\\laravel\\framework\\src\\Illuminate\\Database\\Connection.php(423): Illuminate\\Database\\Connection->getPdoForSelect(true)
#9 C:\\XAMPP\\htdocs\\EODS\\Backend\\vendor\\laravel\\framework\\src\\Illuminate\\Database\\Connection.php(816): Illuminate\\Database\\Connection->Illuminate\\Database\\{closure}('select * from `...', Array)
#10 C:\\XAMPP\\htdocs\\EODS\\Backend\\vendor\\laravel\\framework\\src\\Illuminate\\Database\\Connection.php(783): Illuminate\\Database\\Connection->runQueryCallback('select * from `...', Array, Object(Closure))
#11 C:\\XAMPP\\htdocs\\EODS\\Backend\\vendor\\laravel\\framework\\src\\Illuminate\\Database\\Connection.php(414): Illuminate\\Database\\Connection->run('select * from `...', Array, Object(Closure))
#12 C:\\XAMPP\\htdocs\\EODS\\Backend\\vendor\\laravel\\framework\\src\\Illuminate\\Database\\Query\\Builder.php(2797): Illuminate\\Database\\Connection->select('select * from `...', Array, true)
#13 C:\\XAMPP\\htdocs\\EODS\\Backend\\vendor\\laravel\\framework\\src\\Illuminate\\Database\\Query\\Builder.php(2786): Illuminate\\Database\\Query\\Builder->runSelect()
#14 C:\\XAMPP\\htdocs\\EODS\\Backend\\vendor\\laravel\\framework\\src\\Illuminate\\Database\\Query\\Builder.php(3340): Illuminate\\Database\\Query\\Builder->Illuminate\\Database\\Query\\{closure}()
#15 C:\\XAMPP\\htdocs\\EODS\\Backend\\vendor\\laravel\\framework\\src\\Illuminate\\Database\\Query\\Builder.php(2785): Illuminate\\Database\\Query\\Builder->onceWithColumns(Array, Object(Closure))
#16 C:\\XAMPP\\htdocs\\EODS\\Backend\\vendor\\laravel\\framework\\src\\Illuminate\\Database\\Eloquent\\Builder.php(738): Illuminate\\Database\\Query\\Builder->get(Array)
#17 C:\\XAMPP\\htdocs\\EODS\\Backend\\vendor\\laravel\\framework\\src\\Illuminate\\Database\\Eloquent\\Builder.php(722): Illuminate\\Database\\Eloquent\\Builder->getModels(Array)
#18 C:\\XAMPP\\htdocs\\EODS\\Backend\\vendor\\laravel\\framework\\src\\Illuminate\\Database\\Concerns\\BuildsQueries.php(333): Illuminate\\Database\\Eloquent\\Builder->get(Array)
#19 C:\\XAMPP\\htdocs\\EODS\\Backend\\vendor\\laravel\\framework\\src\\Illuminate\\Auth\\EloquentUserProvider.php(139): Illuminate\\Database\\Eloquent\\Builder->first()
#20 C:\\XAMPP\\htdocs\\EODS\\Backend\\vendor\\laravel\\framework\\src\\Illuminate\\Auth\\SessionGuard.php(381): Illuminate\\Auth\\EloquentUserProvider->retrieveByCredentials(Array)
#21 C:\\XAMPP\\htdocs\\EODS\\Backend\\vendor\\laravel\\ui\\auth-backend\\AuthenticatesUsers.php(86): Illuminate\\Auth\\SessionGuard->attempt(Array, false)
#22 C:\\XAMPP\\htdocs\\EODS\\Backend\\vendor\\laravel\\ui\\auth-backend\\AuthenticatesUsers.php(46): App\\Http\\Controllers\\Auth\\LoginController->attemptLogin(Object(Illuminate\\Http\\Request))
#23 C:\\XAMPP\\htdocs\\EODS\\Backend\\vendor\\laravel\\framework\\src\\Illuminate\\Routing\\Controller.php(54): App\\Http\\Controllers\\Auth\\LoginController->login(Object(Illuminate\\Http\\Request))
#24 C:\\XAMPP\\htdocs\\EODS\\Backend\\vendor\\laravel\\framework\\src\\Illuminate\\Routing\\ControllerDispatcher.php(43): Illuminate\\Routing\\Controller->callAction('login', Array)
#25 C:\\XAMPP\\htdocs\\EODS\\Backend\\vendor\\laravel\\framework\\src\\Illuminate\\Routing\\Route.php(259): Illuminate\\Routing\\ControllerDispatcher->dispatch(Object(Illuminate\\Routing\\Route), Object(App\\Http\\Controllers\\Auth\\LoginController), 'login')
#26 C:\\XAMPP\\htdocs\\EODS\\Backend\\vendor\\laravel\\framework\\src\\Illuminate\\Routing\\Route.php(205): Illuminate\\Routing\\Route->runController()
#27 C:\\XAMPP\\htdocs\\EODS\\Backend\\vendor\\laravel\\framework\\src\\Illuminate\\Routing\\Router.php(806): Illuminate\\Routing\\Route->run()
#28 C:\\XAMPP\\htdocs\\EODS\\Backend\\vendor\\laravel\\framework\\src\\Illuminate\\Pipeline\\Pipeline.php(144): Illuminate\\Routing\\Router->Illuminate\\Routing\\{closure}(Object(Illuminate\\Http\\Request))
#29 C:\\XAMPP\\htdocs\\EODS\\Backend\\app\\Http\\Middleware\\RedirectIfAuthenticated.php(28): Illuminate\\Pipeline\\Pipeline->Illuminate\\Pipeline\\{closure}(Object(Illuminate\\Http\\Request))
#30 C:\\XAMPP\\htdocs\\EODS\\Backend\\vendor\\laravel\\framework\\src\\Illuminate\\Pipeline\\Pipeline.php(183): App\\Http\\Middleware\\RedirectIfAuthenticated->handle(Object(Illuminate\\Http\\Request), Object(Closure))
#31 C:\\XAMPP\\htdocs\\EODS\\Backend\\vendor\\laravel\\framework\\src\\Illuminate\\Routing\\Middleware\\SubstituteBindings.php(50): Illuminate\\Pipeline\\Pipeline->Illuminate\\Pipeline\\{closure}(Object(Illuminate\\Http\\Request))
#32 C:\\XAMPP\\htdocs\\EODS\\Backend\\vendor\\laravel\\framework\\src\\Illuminate\\Pipeline\\Pipeline.php(183): Illuminate\\Routing\\Middleware\\SubstituteBindings->handle(Object(Illuminate\\Http\\Request), Object(Closure))
#33 C:\\XAMPP\\htdocs\\EODS\\Backend\\vendor\\laravel\\framework\\src\\Illuminate\\Foundation\\Http\\Middleware\\VerifyCsrfToken.php(78): Illuminate\\Pipeline\\Pipeline->Illuminate\\Pipeline\\{closure}(Object(Illuminate\\Http\\Request))
#34 C:\\XAMPP\\htdocs\\EODS\\Backend\\vendor\\laravel\\framework\\src\\Illuminate\\Pipeline\\Pipeline.php(183): Illuminate\\Foundation\\Http\\Middleware\\VerifyCsrfToken->handle(Object(Illuminate\\Http\\Request), Object(Closure))
#35 C:\\XAMPP\\htdocs\\EODS\\Backend\\vendor\\laravel\\framework\\src\\Illuminate\\View\\Middleware\\ShareErrorsFromSession.php(49): Illuminate\\Pipeline\\Pipeline->Illuminate\\Pipeline\\{closure}(Object(Illuminate\\Http\\Request))
#36 C:\\XAMPP\\htdocs\\EODS\\Backend\\vendor\\laravel\\framework\\src\\Illuminate\\Pipeline\\Pipeline.php(183): Illuminate\\View\\Middleware\\ShareErrorsFromSession->handle(Object(Illuminate\\Http\\Request), Object(Closure))
#37 C:\\XAMPP\\htdocs\\EODS\\Backend\\vendor\\laravel\\framework\\src\\Illuminate\\Session\\Middleware\\StartSession.php(121): Illuminate\\Pipeline\\Pipeline->Illuminate\\Pipeline\\{closure}(Object(Illuminate\\Http\\Request))
#38 C:\\XAMPP\\htdocs\\EODS\\Backend\\vendor\\laravel\\framework\\src\\Illuminate\\Session\\Middleware\\StartSession.php(64): Illuminate\\Session\\Middleware\\StartSession->handleStatefulRequest(Object(Illuminate\\Http\\Request), Object(Illuminate\\Session\\Store), Object(Closure))
#39 C:\\XAMPP\\htdocs\\EODS\\Backend\\vendor\\laravel\\framework\\src\\Illuminate\\Pipeline\\Pipeline.php(183): Illuminate\\Session\\Middleware\\StartSession->handle(Object(Illuminate\\Http\\Request), Object(Closure))
#40 C:\\XAMPP\\htdocs\\EODS\\Backend\\vendor\\laravel\\framework\\src\\Illuminate\\Cookie\\Middleware\\AddQueuedCookiesToResponse.php(37): Illuminate\\Pipeline\\Pipeline->Illuminate\\Pipeline\\{closure}(Object(Illuminate\\Http\\Request))
#41 C:\\XAMPP\\htdocs\\EODS\\Backend\\vendor\\laravel\\framework\\src\\Illuminate\\Pipeline\\Pipeline.php(183): Illuminate\\Cookie\\Middleware\\AddQueuedCookiesToResponse->handle(Object(Illuminate\\Http\\Request), Object(Closure))
#42 C:\\XAMPP\\htdocs\\EODS\\Backend\\vendor\\laravel\\framework\\src\\Illuminate\\Cookie\\Middleware\\EncryptCookies.php(67): Illuminate\\Pipeline\\Pipeline->Illuminate\\Pipeline\\{closure}(Object(Illuminate\\Http\\Request))
#43 C:\\XAMPP\\htdocs\\EODS\\Backend\\vendor\\laravel\\framework\\src\\Illuminate\\Pipeline\\Pipeline.php(183): Illuminate\\Cookie\\Middleware\\EncryptCookies->handle(Object(Illuminate\\Http\\Request), Object(Closure))
#44 C:\\XAMPP\\htdocs\\EODS\\Backend\\vendor\\laravel\\framework\\src\\Illuminate\\Pipeline\\Pipeline.php(119): Illuminate\\Pipeline\\Pipeline->Illuminate\\Pipeline\\{closure}(Object(Illuminate\\Http\\Request))
#45 C:\\XAMPP\\htdocs\\EODS\\Backend\\vendor\\laravel\\framework\\src\\Illuminate\\Routing\\Router.php(805): Illuminate\\Pipeline\\Pipeline->then(Object(Closure))
#46 C:\\XAMPP\\htdocs\\EODS\\Backend\\vendor\\laravel\\framework\\src\\Illuminate\\Routing\\Router.php(784): Illuminate\\Routing\\Router->runRouteWithinStack(Object(Illuminate\\Routing\\Route), Object(Illuminate\\Http\\Request))
#47 C:\\XAMPP\\htdocs\\EODS\\Backend\\vendor\\laravel\\framework\\src\\Illuminate\\Routing\\Router.php(748): Illuminate\\Routing\\Router->runRoute(Object(Illuminate\\Http\\Request), Object(Illuminate\\Routing\\Route))
#48 C:\\XAMPP\\htdocs\\EODS\\Backend\\vendor\\laravel\\framework\\src\\Illuminate\\Routing\\Router.php(737): Illuminate\\Routing\\Router->dispatchToRoute(Object(Illuminate\\Http\\Request))
#49 C:\\XAMPP\\htdocs\\EODS\\Backend\\vendor\\laravel\\framework\\src\\Illuminate\\Foundation\\Http\\Kernel.php(200): Illuminate\\Routing\\Router->dispatch(Object(Illuminate\\Http\\Request))
#50 C:\\XAMPP\\htdocs\\EODS\\Backend\\vendor\\laravel\\framework\\src\\Illuminate\\Pipeline\\Pipeline.php(144): Illuminate\\Foundation\\Http\\Kernel->Illuminate\\Foundation\\Http\\{closure}(Object(Illuminate\\Http\\Request))
#51 C:\\XAMPP\\htdocs\\EODS\\Backend\\vendor\\laravel\\framework\\src\\Illuminate\\Foundation\\Http\\Middleware\\TransformsRequest.php(21): Illuminate\\Pipeline\\Pipeline->Illuminate\\Pipeline\\{closure}(Object(Illuminate\\Http\\Request))
#52 C:\\XAMPP\\htdocs\\EODS\\Backend\\vendor\\laravel\\framework\\src\\Illuminate\\Foundation\\Http\\Middleware\\ConvertEmptyStringsToNull.php(31): Illuminate\\Foundation\\Http\\Middleware\\TransformsRequest->handle(Object(Illuminate\\Http\\Request), Object(Closure))
#53 C:\\XAMPP\\htdocs\\EODS\\Backend\\vendor\\laravel\\framework\\src\\Illuminate\\Pipeline\\Pipeline.php(183): Illuminate\\Foundation\\Http\\Middleware\\ConvertEmptyStringsToNull->handle(Object(Illuminate\\Http\\Request), Object(Closure))
#54 C:\\XAMPP\\htdocs\\EODS\\Backend\\vendor\\laravel\\framework\\src\\Illuminate\\Foundation\\Http\\Middleware\\TransformsRequest.php(21): Illuminate\\Pipeline\\Pipeline->Illuminate\\Pipeline\\{closure}(Object(Illuminate\\Http\\Request))
#55 C:\\XAMPP\\htdocs\\EODS\\Backend\\vendor\\laravel\\framework\\src\\Illuminate\\Foundation\\Http\\Middleware\\TrimStrings.php(40): Illuminate\\Foundation\\Http\\Middleware\\TransformsRequest->handle(Object(Illuminate\\Http\\Request), Object(Closure))
#56 C:\\XAMPP\\htdocs\\EODS\\Backend\\vendor\\laravel\\framework\\src\\Illuminate\\Pipeline\\Pipeline.php(183): Illuminate\\Foundation\\Http\\Middleware\\TrimStrings->handle(Object(Illuminate\\Http\\Request), Object(Closure))
#57 C:\\XAMPP\\htdocs\\EODS\\Backend\\vendor\\laravel\\framework\\src\\Illuminate\\Foundation\\Http\\Middleware\\ValidatePostSize.php(27): Illuminate\\Pipeline\\Pipeline->Illuminate\\Pipeline\\{closure}(Object(Illuminate\\Http\\Request))
#58 C:\\XAMPP\\htdocs\\EODS\\Backend\\vendor\\laravel\\framework\\src\\Illuminate\\Pipeline\\Pipeline.php(183): Illuminate\\Foundation\\Http\\Middleware\\ValidatePostSize->handle(Object(Illuminate\\Http\\Request), Object(Closure))
#59 C:\\XAMPP\\htdocs\\EODS\\Backend\\vendor\\laravel\\framework\\src\\Illuminate\\Foundation\\Http\\Middleware\\PreventRequestsDuringMaintenance.php(99): Illuminate\\Pipeline\\Pipeline->Illuminate\\Pipeline\\{closure}(Object(Illuminate\\Http\\Request))
#60 C:\\XAMPP\\htdocs\\EODS\\Backend\\vendor\\laravel\\framework\\src\\Illuminate\\Pipeline\\Pipeline.php(183): Illuminate\\Foundation\\Http\\Middleware\\PreventRequestsDuringMaintenance->handle(Object(Illuminate\\Http\\Request), Object(Closure))
#61 C:\\XAMPP\\htdocs\\EODS\\Backend\\vendor\\laravel\\framework\\src\\Illuminate\\Http\\Middleware\\HandleCors.php(49): Illuminate\\Pipeline\\Pipeline->Illuminate\\Pipeline\\{closure}(Object(Illuminate\\Http\\Request))
#62 C:\\XAMPP\\htdocs\\EODS\\Backend\\vendor\\laravel\\framework\\src\\Illuminate\\Pipeline\\Pipeline.php(183): Illuminate\\Http\\Middleware\\HandleCors->handle(Object(Illuminate\\Http\\Request), Object(Closure))
#63 C:\\XAMPP\\htdocs\\EODS\\Backend\\vendor\\laravel\\framework\\src\\Illuminate\\Http\\Middleware\\TrustProxies.php(39): Illuminate\\Pipeline\\Pipeline->Illuminate\\Pipeline\\{closure}(Object(Illuminate\\Http\\Request))
#64 C:\\XAMPP\\htdocs\\EODS\\Backend\\vendor\\laravel\\framework\\src\\Illuminate\\Pipeline\\Pipeline.php(183): Illuminate\\Http\\Middleware\\TrustProxies->handle(Object(Illuminate\\Http\\Request), Object(Closure))
#65 C:\\XAMPP\\htdocs\\EODS\\Backend\\vendor\\laravel\\framework\\src\\Illuminate\\Pipeline\\Pipeline.php(119): Illuminate\\Pipeline\\Pipeline->Illuminate\\Pipeline\\{closure}(Object(Illuminate\\Http\\Request))
#66 C:\\XAMPP\\htdocs\\EODS\\Backend\\vendor\\laravel\\framework\\src\\Illuminate\\Foundation\\Http\\Kernel.php(175): Illuminate\\Pipeline\\Pipeline->then(Object(Closure))
#67 C:\\XAMPP\\htdocs\\EODS\\Backend\\vendor\\laravel\\framework\\src\\Illuminate\\Foundation\\Http\\Kernel.php(144): Illuminate\\Foundation\\Http\\Kernel->sendRequestThroughRouter(Object(Illuminate\\Http\\Request))
#68 C:\\XAMPP\\htdocs\\EODS\\Backend\\public\\index.php(51): Illuminate\\Foundation\\Http\\Kernel->handle(Object(Illuminate\\Http\\Request))
#69 C:\\XAMPP\\htdocs\\EODS\\Backend\\vendor\\laravel\\framework\\src\\Illuminate\\Foundation\\resources\\server.php(16): require_once('C:\\\\XAMPP\\\\htdocs...')
#70 {main}
"} 
[2026-05-11 07:55:49] local.ERROR: Writing to C:/Users/michaelu/AppData/Roaming/PsySH/psysh_history is not allowed. {"exception":"[object] (ErrorException(code: 0): Writing to C:/Users/michaelu/AppData/Roaming/PsySH/psysh_history is not allowed. at C:\\XAMPP\\htdocs\\EODS\\Backend\\vendor\\psy\\psysh\\src\\ConfigPaths.php:351)
[stacktrace]
#0 C:\\XAMPP\\htdocs\\EODS\\Backend\\vendor\\laravel\\framework\\src\\Illuminate\\Foundation\\Bootstrap\\HandleExceptions.php(255): Illuminate\\Foundation\\Bootstrap\\HandleExceptions->handleError(1024, 'Writing to C:/U...', 'C:\\\\XAMPP\\\\htdocs...', 351)
#1 [internal function]: Illuminate\\Foundation\\Bootstrap\\HandleExceptions->Illuminate\\Foundation\\Bootstrap\\{closure}(1024, 'Writing to C:/U...', 'C:\\\\XAMPP\\\\htdocs...', 351)
#2 C:\\XAMPP\\htdocs\\EODS\\Backend\\vendor\\psy\\psysh\\src\\ConfigPaths.php(351): trigger_error('Writing to C:/U...', 1024)
#3 C:\\XAMPP\\htdocs\\EODS\\Backend\\vendor\\psy\\psysh\\src\\Configuration.php(646): Psy\\ConfigPaths::touchFileWithMkdir('C:/Users/michae...')
#4 C:\\XAMPP\\htdocs\\EODS\\Backend\\vendor\\psy\\psysh\\src\\Configuration.php(669): Psy\\Configuration->setHistoryFile('C:/Users/michae...')
#5 C:\\XAMPP\\htdocs\\EODS\\Backend\\vendor\\psy\\psysh\\src\\Configuration.php(809): Psy\\Configuration->getHistoryFile()
#6 C:\\XAMPP\\htdocs\\EODS\\Backend\\vendor\\psy\\psysh\\src\\Shell.php(88): Psy\\Configuration->getReadline()
#7 C:\\XAMPP\\htdocs\\EODS\\Backend\\vendor\\laravel\\tinker\\src\\Console\\TinkerCommand.php(59): Psy\\Shell->__construct(Object(Psy\\Configuration))
#8 C:\\XAMPP\\htdocs\\EODS\\Backend\\vendor\\laravel\\framework\\src\\Illuminate\\Container\\BoundMethod.php(36): Laravel\\Tinker\\Console\\TinkerCommand->handle()
#9 C:\\XAMPP\\htdocs\\EODS\\Backend\\vendor\\laravel\\framework\\src\\Illuminate\\Container\\Util.php(41): Illuminate\\Container\\BoundMethod::Illuminate\\Container\\{closure}()
#10 C:\\XAMPP\\htdocs\\EODS\\Backend\\vendor\\laravel\\framework\\src\\Illuminate\\Container\\BoundMethod.php(93): Illuminate\\Container\\Util::unwrapIfClosure(Object(Closure))
#11 C:\\XAMPP\\htdocs\\EODS\\Backend\\vendor\\laravel\\framework\\src\\Illuminate\\Container\\BoundMethod.php(35): Illuminate\\Container\\BoundMethod::callBoundMethod(Object(Illuminate\\Foundation\\Application), Array, Object(Closure))
#12 C:\\XAMPP\\htdocs\\EODS\\Backend\\vendor\\laravel\\framework\\src\\Illuminate\\Container\\Container.php(662): Illuminate\\Container\\BoundMethod::call(Object(Illuminate\\Foundation\\Application), Array, Array, NULL)
#13 C:\\XAMPP\\htdocs\\EODS\\Backend\\vendor\\laravel\\framework\\src\\Illuminate\\Console\\Command.php(211): Illuminate\\Container\\Container->call(Array)
#14 C:\\XAMPP\\htdocs\\EODS\\Backend\\vendor\\symfony\\console\\Command\\Command.php(326): Illuminate\\Console\\Command->execute(Object(Symfony\\Component\\Console\\Input\\ArgvInput), Object(Illuminate\\Console\\OutputStyle))
#15 C:\\XAMPP\\htdocs\\EODS\\Backend\\vendor\\laravel\\framework\\src\\Illuminate\\Console\\Command.php(180): Symfony\\Component\\Console\\Command\\Command->run(Object(Symfony\\Component\\Console\\Input\\ArgvInput), Object(Illuminate\\Console\\OutputStyle))
#16 C:\\XAMPP\\htdocs\\EODS\\Backend\\vendor\\symfony\\console\\Application.php(1096): Illuminate\\Console\\Command->run(Object(Symfony\\Component\\Console\\Input\\ArgvInput), Object(Symfony\\Component\\Console\\Output\\ConsoleOutput))
#17 C:\\XAMPP\\htdocs\\EODS\\Backend\\vendor\\symfony\\console\\Application.php(324): Symfony\\Component\\Console\\Application->doRunCommand(Object(Laravel\\Tinker\\Console\\TinkerCommand), Object(Symfony\\Component\\Console\\Input\\ArgvInput), Object(Symfony\\Component\\Console\\Output\\ConsoleOutput))
#18 C:\\XAMPP\\htdocs\\EODS\\Backend\\vendor\\symfony\\console\\Application.php(175): Symfony\\Component\\Console\\Application->doRun(Object(Symfony\\Component\\Console\\Input\\ArgvInput), Object(Symfony\\Component\\Console\\Output\\ConsoleOutput))
#19 C:\\XAMPP\\htdocs\\EODS\\Backend\\vendor\\laravel\\framework\\src\\Illuminate\\Foundation\\Console\\Kernel.php(201): Symfony\\Component\\Console\\Application->run(Object(Symfony\\Component\\Console\\Input\\ArgvInput), Object(Symfony\\Component\\Console\\Output\\ConsoleOutput))
#20 C:\\XAMPP\\htdocs\\EODS\\Backend\\artisan(35): Illuminate\\Foundation\\Console\\Kernel->handle(Object(Symfony\\Component\\Console\\Input\\ArgvInput), Object(Symfony\\Component\\Console\\Output\\ConsoleOutput))
#21 {main}
"} 
[2026-05-12 06:58:47] local.ERROR: file_put_contents(C:\XAMPP\htdocs\EODS\Master\storage\framework/sessions/OPFJ14kKqPY7srNv0kOERX0hUTRpIdI9R6uuGxqY): Failed to open stream: Permission denied {"exception":"[object] (ErrorException(code: 0): file_put_contents(C:\\XAMPP\\htdocs\\EODS\\Master\\storage\\framework/sessions/OPFJ14kKqPY7srNv0kOERX0hUTRpIdI9R6uuGxqY): Failed to open stream: Permission denied at C:\\XAMPP\\htdocs\\EODS\\Master\\vendor\\laravel\\framework\\src\\Illuminate\\Filesystem\\Filesystem.php:205)
[stacktrace]
#0 C:\\XAMPP\\htdocs\\EODS\\Master\\vendor\\laravel\\framework\\src\\Illuminate\\Foundation\\Bootstrap\\HandleExceptions.php(255): Illuminate\\Foundation\\Bootstrap\\HandleExceptions->handleError(2, 'file_put_conten...', 'C:\\\\XAMPP\\\\htdocs...', 205)
#1 [internal function]: Illuminate\\Foundation\\Bootstrap\\HandleExceptions->Illuminate\\Foundation\\Bootstrap\\{closure}(2, 'file_put_conten...', 'C:\\\\XAMPP\\\\htdocs...', 205)
#2 C:\\XAMPP\\htdocs\\EODS\\Master\\vendor\\laravel\\framework\\src\\Illuminate\\Filesystem\\Filesystem.php(205): file_put_contents('C:\\\\XAMPP\\\\htdocs...', 'a:3:{s:6:\"_toke...', 2)
#3 C:\\XAMPP\\htdocs\\EODS\\Master\\vendor\\laravel\\framework\\src\\Illuminate\\Session\\FileSessionHandler.php(90): Illuminate\\Filesystem\\Filesystem->put('C:\\\\XAMPP\\\\htdocs...', 'a:3:{s:6:\"_toke...', true)
#4 C:\\XAMPP\\htdocs\\EODS\\Master\\vendor\\laravel\\framework\\src\\Illuminate\\Session\\Store.php(172): Illuminate\\Session\\FileSessionHandler->write('OPFJ14kKqPY7srN...', 'a:3:{s:6:\"_toke...')
#5 C:\\XAMPP\\htdocs\\EODS\\Master\\vendor\\laravel\\framework\\src\\Illuminate\\Session\\Middleware\\StartSession.php(245): Illuminate\\Session\\Store->save()
#6 C:\\XAMPP\\htdocs\\EODS\\Master\\vendor\\laravel\\framework\\src\\Illuminate\\Session\\Middleware\\StartSession.php(130): Illuminate\\Session\\Middleware\\StartSession->saveSession(Object(Illuminate\\Http\\Request))
#7 C:\\XAMPP\\htdocs\\EODS\\Master\\vendor\\laravel\\framework\\src\\Illuminate\\Session\\Middleware\\StartSession.php(64): Illuminate\\Session\\Middleware\\StartSession->handleStatefulRequest(Object(Illuminate\\Http\\Request), Object(Illuminate\\Session\\Store), Object(Closure))
#8 C:\\XAMPP\\htdocs\\EODS\\Master\\vendor\\laravel\\framework\\src\\Illuminate\\Pipeline\\Pipeline.php(183): Illuminate\\Session\\Middleware\\StartSession->handle(Object(Illuminate\\Http\\Request), Object(Closure))
#9 C:\\XAMPP\\htdocs\\EODS\\Master\\vendor\\laravel\\framework\\src\\Illuminate\\Cookie\\Middleware\\AddQueuedCookiesToResponse.php(37): Illuminate\\Pipeline\\Pipeline->Illuminate\\Pipeline\\{closure}(Object(Illuminate\\Http\\Request))
#10 C:\\XAMPP\\htdocs\\EODS\\Master\\vendor\\laravel\\framework\\src\\Illuminate\\Pipeline\\Pipeline.php(183): Illuminate\\Cookie\\Middleware\\AddQueuedCookiesToResponse->handle(Object(Illuminate\\Http\\Request), Object(Closure))
#11 C:\\XAMPP\\htdocs\\EODS\\Master\\vendor\\laravel\\framework\\src\\Illuminate\\Cookie\\Middleware\\EncryptCookies.php(67): Illuminate\\Pipeline\\Pipeline->Illuminate\\Pipeline\\{closure}(Object(Illuminate\\Http\\Request))
#12 C:\\XAMPP\\htdocs\\EODS\\Master\\vendor\\laravel\\framework\\src\\Illuminate\\Pipeline\\Pipeline.php(183): Illuminate\\Cookie\\Middleware\\EncryptCookies->handle(Object(Illuminate\\Http\\Request), Object(Closure))
#13 C:\\XAMPP\\htdocs\\EODS\\Master\\vendor\\laravel\\framework\\src\\Illuminate\\Pipeline\\Pipeline.php(119): Illuminate\\Pipeline\\Pipeline->Illuminate\\Pipeline\\{closure}(Object(Illuminate\\Http\\Request))
#14 C:\\XAMPP\\htdocs\\EODS\\Master\\vendor\\laravel\\framework\\src\\Illuminate\\Routing\\Router.php(805): Illuminate\\Pipeline\\Pipeline->then(Object(Closure))
#15 C:\\XAMPP\\htdocs\\EODS\\Master\\vendor\\laravel\\framework\\src\\Illuminate\\Routing\\Router.php(784): Illuminate\\Routing\\Router->runRouteWithinStack(Object(Illuminate\\Routing\\Route), Object(Illuminate\\Http\\Request))
#16 C:\\XAMPP\\htdocs\\EODS\\Master\\vendor\\laravel\\framework\\src\\Illuminate\\Routing\\Router.php(748): Illuminate\\Routing\\Router->runRoute(Object(Illuminate\\Http\\Request), Object(Illuminate\\Routing\\Route))
#17 C:\\XAMPP\\htdocs\\EODS\\Master\\vendor\\laravel\\framework\\src\\Illuminate\\Routing\\Router.php(737): Illuminate\\Routing\\Router->dispatchToRoute(Object(Illuminate\\Http\\Request))
#18 C:\\XAMPP\\htdocs\\EODS\\Master\\vendor\\laravel\\framework\\src\\Illuminate\\Foundation\\Http\\Kernel.php(200): Illuminate\\Routing\\Router->dispatch(Object(Illuminate\\Http\\Request))
#19 C:\\XAMPP\\htdocs\\EODS\\Master\\vendor\\laravel\\framework\\src\\Illuminate\\Pipeline\\Pipeline.php(144): Illuminate\\Foundation\\Http\\Kernel->Illuminate\\Foundation\\Http\\{closure}(Object(Illuminate\\Http\\Request))
#20 C:\\XAMPP\\htdocs\\EODS\\Master\\vendor\\laravel\\framework\\src\\Illuminate\\Foundation\\Http\\Middleware\\TransformsRequest.php(21): Illuminate\\Pipeline\\Pipeline->Illuminate\\Pipeline\\{closure}(Object(Illuminate\\Http\\Request))
#21 C:\\XAMPP\\htdocs\\EODS\\Master\\vendor\\laravel\\framework\\src\\Illuminate\\Foundation\\Http\\Middleware\\ConvertEmptyStringsToNull.php(31): Illuminate\\Foundation\\Http\\Middleware\\TransformsRequest->handle(Object(Illuminate\\Http\\Request), Object(Closure))
#22 C:\\XAMPP\\htdocs\\EODS\\Master\\vendor\\laravel\\framework\\src\\Illuminate\\Pipeline\\Pipeline.php(183): Illuminate\\Foundation\\Http\\Middleware\\ConvertEmptyStringsToNull->handle(Object(Illuminate\\Http\\Request), Object(Closure))
#23 C:\\XAMPP\\htdocs\\EODS\\Master\\vendor\\laravel\\framework\\src\\Illuminate\\Foundation\\Http\\Middleware\\TransformsRequest.php(21): Illuminate\\Pipeline\\Pipeline->Illuminate\\Pipeline\\{closure}(Object(Illuminate\\Http\\Request))
#24 C:\\XAMPP\\htdocs\\EODS\\Master\\vendor\\laravel\\framework\\src\\Illuminate\\Foundation\\Http\\Middleware\\TrimStrings.php(40): Illuminate\\Foundation\\Http\\Middleware\\TransformsRequest->handle(Object(Illuminate\\Http\\Request), Object(Closure))
#25 C:\\XAMPP\\htdocs\\EODS\\Master\\vendor\\laravel\\framework\\src\\Illuminate\\Pipeline\\Pipeline.php(183): Illuminate\\Foundation\\Http\\Middleware\\TrimStrings->handle(Object(Illuminate\\Http\\Request), Object(Closure))
#26 C:\\XAMPP\\htdocs\\EODS\\Master\\vendor\\laravel\\framework\\src\\Illuminate\\Foundation\\Http\\Middleware\\ValidatePostSize.php(27): Illuminate\\Pipeline\\Pipeline->Illuminate\\Pipeline\\{closure}(Object(Illuminate\\Http\\Request))
#27 C:\\XAMPP\\htdocs\\EODS\\Master\\vendor\\laravel\\framework\\src\\Illuminate\\Pipeline\\Pipeline.php(183): Illuminate\\Foundation\\Http\\Middleware\\ValidatePostSize->handle(Object(Illuminate\\Http\\Request), Object(Closure))
#28 C:\\XAMPP\\htdocs\\EODS\\Master\\vendor\\laravel\\framework\\src\\Illuminate\\Foundation\\Http\\Middleware\\PreventRequestsDuringMaintenance.php(99): Illuminate\\Pipeline\\Pipeline->Illuminate\\Pipeline\\{closure}(Object(Illuminate\\Http\\Request))
#29 C:\\XAMPP\\htdocs\\EODS\\Master\\vendor\\laravel\\framework\\src\\Illuminate\\Pipeline\\Pipeline.php(183): Illuminate\\Foundation\\Http\\Middleware\\PreventRequestsDuringMaintenance->handle(Object(Illuminate\\Http\\Request), Object(Closure))
#30 C:\\XAMPP\\htdocs\\EODS\\Master\\vendor\\laravel\\framework\\src\\Illuminate\\Http\\Middleware\\HandleCors.php(49): Illuminate\\Pipeline\\Pipeline->Illuminate\\Pipeline\\{closure}(Object(Illuminate\\Http\\Request))
#31 C:\\XAMPP\\htdocs\\EODS\\Master\\vendor\\laravel\\framework\\src\\Illuminate\\Pipeline\\Pipeline.php(183): Illuminate\\Http\\Middleware\\HandleCors->handle(Object(Illuminate\\Http\\Request), Object(Closure))
#32 C:\\XAMPP\\htdocs\\EODS\\Master\\vendor\\laravel\\framework\\src\\Illuminate\\Http\\Middleware\\TrustProxies.php(39): Illuminate\\Pipeline\\Pipeline->Illuminate\\Pipeline\\{closure}(Object(Illuminate\\Http\\Request))
#33 C:\\XAMPP\\htdocs\\EODS\\Master\\vendor\\laravel\\framework\\src\\Illuminate\\Pipeline\\Pipeline.php(183): Illuminate\\Http\\Middleware\\TrustProxies->handle(Object(Illuminate\\Http\\Request), Object(Closure))
#34 C:\\XAMPP\\htdocs\\EODS\\Master\\vendor\\laravel\\framework\\src\\Illuminate\\Pipeline\\Pipeline.php(119): Illuminate\\Pipeline\\Pipeline->Illuminate\\Pipeline\\{closure}(Object(Illuminate\\Http\\Request))
#35 C:\\XAMPP\\htdocs\\EODS\\Master\\vendor\\laravel\\framework\\src\\Illuminate\\Foundation\\Http\\Kernel.php(175): Illuminate\\Pipeline\\Pipeline->then(Object(Closure))
#36 C:\\XAMPP\\htdocs\\EODS\\Master\\vendor\\laravel\\framework\\src\\Illuminate\\Foundation\\Http\\Kernel.php(144): Illuminate\\Foundation\\Http\\Kernel->sendRequestThroughRouter(Object(Illuminate\\Http\\Request))
#37 C:\\XAMPP\\htdocs\\EODS\\Master\\public\\index.php(51): Illuminate\\Foundation\\Http\\Kernel->handle(Object(Illuminate\\Http\\Request))
#38 C:\\XAMPP\\htdocs\\EODS\\Master\\vendor\\laravel\\framework\\src\\Illuminate\\Foundation\\resources\\server.php(16): require_once('C:\\\\XAMPP\\\\htdocs...')
#39 {main}
"} 
[2026-05-12 06:58:59] local.ERROR: file_put_contents(C:\XAMPP\htdocs\EODS\Master\storage\framework/sessions/jJxCPIh4bda9enmepiVQ93AjT13QKM2aiO8QnEj2): Failed to open stream: Permission denied {"exception":"[object] (ErrorException(code: 0): file_put_contents(C:\\XAMPP\\htdocs\\EODS\\Master\\storage\\framework/sessions/jJxCPIh4bda9enmepiVQ93AjT13QKM2aiO8QnEj2): Failed to open stream: Permission denied at C:\\XAMPP\\htdocs\\EODS\\Master\\vendor\\laravel\\framework\\src\\Illuminate\\Filesystem\\Filesystem.php:205)
[stacktrace]
#0 C:\\XAMPP\\htdocs\\EODS\\Master\\vendor\\laravel\\framework\\src\\Illuminate\\Foundation\\Bootstrap\\HandleExceptions.php(255): Illuminate\\Foundation\\Bootstrap\\HandleExceptions->handleError(2, 'file_put_conten...', 'C:\\\\XAMPP\\\\htdocs...', 205)
#1 [internal function]: Illuminate\\Foundation\\Bootstrap\\HandleExceptions->Illuminate\\Foundation\\Bootstrap\\{closure}(2, 'file_put_conten...', 'C:\\\\XAMPP\\\\htdocs...', 205)
#2 C:\\XAMPP\\htdocs\\EODS\\Master\\vendor\\laravel\\framework\\src\\Illuminate\\Filesystem\\Filesystem.php(205): file_put_contents('C:\\\\XAMPP\\\\htdocs...', 'a:3:{s:6:\"_toke...', 2)
#3 C:\\XAMPP\\htdocs\\EODS\\Master\\vendor\\laravel\\framework\\src\\Illuminate\\Session\\FileSessionHandler.php(90): Illuminate\\Filesystem\\Filesystem->put('C:\\\\XAMPP\\\\htdocs...', 'a:3:{s:6:\"_toke...', true)
#4 C:\\XAMPP\\htdocs\\EODS\\Master\\vendor\\laravel\\framework\\src\\Illuminate\\Session\\Store.php(172): Illuminate\\Session\\FileSessionHandler->write('jJxCPIh4bda9enm...', 'a:3:{s:6:\"_toke...')
#5 C:\\XAMPP\\htdocs\\EODS\\Master\\vendor\\laravel\\framework\\src\\Illuminate\\Session\\Middleware\\StartSession.php(245): Illuminate\\Session\\Store->save()
#6 C:\\XAMPP\\htdocs\\EODS\\Master\\vendor\\laravel\\framework\\src\\Illuminate\\Session\\Middleware\\StartSession.php(130): Illuminate\\Session\\Middleware\\StartSession->saveSession(Object(Illuminate\\Http\\Request))
#7 C:\\XAMPP\\htdocs\\EODS\\Master\\vendor\\laravel\\framework\\src\\Illuminate\\Session\\Middleware\\StartSession.php(64): Illuminate\\Session\\Middleware\\StartSession->handleStatefulRequest(Object(Illuminate\\Http\\Request), Object(Illuminate\\Session\\Store), Object(Closure))
#8 C:\\XAMPP\\htdocs\\EODS\\Master\\vendor\\laravel\\framework\\src\\Illuminate\\Pipeline\\Pipeline.php(183): Illuminate\\Session\\Middleware\\StartSession->handle(Object(Illuminate\\Http\\Request), Object(Closure))
#9 C:\\XAMPP\\htdocs\\EODS\\Master\\vendor\\laravel\\framework\\src\\Illuminate\\Cookie\\Middleware\\AddQueuedCookiesToResponse.php(37): Illuminate\\Pipeline\\Pipeline->Illuminate\\Pipeline\\{closure}(Object(Illuminate\\Http\\Request))
#10 C:\\XAMPP\\htdocs\\EODS\\Master\\vendor\\laravel\\framework\\src\\Illuminate\\Pipeline\\Pipeline.php(183): Illuminate\\Cookie\\Middleware\\AddQueuedCookiesToResponse->handle(Object(Illuminate\\Http\\Request), Object(Closure))
#11 C:\\XAMPP\\htdocs\\EODS\\Master\\vendor\\laravel\\framework\\src\\Illuminate\\Cookie\\Middleware\\EncryptCookies.php(67): Illuminate\\Pipeline\\Pipeline->Illuminate\\Pipeline\\{closure}(Object(Illuminate\\Http\\Request))
#12 C:\\XAMPP\\htdocs\\EODS\\Master\\vendor\\laravel\\framework\\src\\Illuminate\\Pipeline\\Pipeline.php(183): Illuminate\\Cookie\\Middleware\\EncryptCookies->handle(Object(Illuminate\\Http\\Request), Object(Closure))
#13 C:\\XAMPP\\htdocs\\EODS\\Master\\vendor\\laravel\\framework\\src\\Illuminate\\Pipeline\\Pipeline.php(119): Illuminate\\Pipeline\\Pipeline->Illuminate\\Pipeline\\{closure}(Object(Illuminate\\Http\\Request))
#14 C:\\XAMPP\\htdocs\\EODS\\Master\\vendor\\laravel\\framework\\src\\Illuminate\\Routing\\Router.php(805): Illuminate\\Pipeline\\Pipeline->then(Object(Closure))
#15 C:\\XAMPP\\htdocs\\EODS\\Master\\vendor\\laravel\\framework\\src\\Illuminate\\Routing\\Router.php(784): Illuminate\\Routing\\Router->runRouteWithinStack(Object(Illuminate\\Routing\\Route), Object(Illuminate\\Http\\Request))
#16 C:\\XAMPP\\htdocs\\EODS\\Master\\vendor\\laravel\\framework\\src\\Illuminate\\Routing\\Router.php(748): Illuminate\\Routing\\Router->runRoute(Object(Illuminate\\Http\\Request), Object(Illuminate\\Routing\\Route))
#17 C:\\XAMPP\\htdocs\\EODS\\Master\\vendor\\laravel\\framework\\src\\Illuminate\\Routing\\Router.php(737): Illuminate\\Routing\\Router->dispatchToRoute(Object(Illuminate\\Http\\Request))
#18 C:\\XAMPP\\htdocs\\EODS\\Master\\vendor\\laravel\\framework\\src\\Illuminate\\Foundation\\Http\\Kernel.php(200): Illuminate\\Routing\\Router->dispatch(Object(Illuminate\\Http\\Request))
#19 C:\\XAMPP\\htdocs\\EODS\\Master\\vendor\\laravel\\framework\\src\\Illuminate\\Pipeline\\Pipeline.php(144): Illuminate\\Foundation\\Http\\Kernel->Illuminate\\Foundation\\Http\\{closure}(Object(Illuminate\\Http\\Request))
#20 C:\\XAMPP\\htdocs\\EODS\\Master\\vendor\\laravel\\framework\\src\\Illuminate\\Foundation\\Http\\Middleware\\TransformsRequest.php(21): Illuminate\\Pipeline\\Pipeline->Illuminate\\Pipeline\\{closure}(Object(Illuminate\\Http\\Request))
#21 C:\\XAMPP\\htdocs\\EODS\\Master\\vendor\\laravel\\framework\\src\\Illuminate\\Foundation\\Http\\Middleware\\ConvertEmptyStringsToNull.php(31): Illuminate\\Foundation\\Http\\Middleware\\TransformsRequest->handle(Object(Illuminate\\Http\\Request), Object(Closure))
#22 C:\\XAMPP\\htdocs\\EODS\\Master\\vendor\\laravel\\framework\\src\\Illuminate\\Pipeline\\Pipeline.php(183): Illuminate\\Foundation\\Http\\Middleware\\ConvertEmptyStringsToNull->handle(Object(Illuminate\\Http\\Request), Object(Closure))
#23 C:\\XAMPP\\htdocs\\EODS\\Master\\vendor\\laravel\\framework\\src\\Illuminate\\Foundation\\Http\\Middleware\\TransformsRequest.php(21): Illuminate\\Pipeline\\Pipeline->Illuminate\\Pipeline\\{closure}(Object(Illuminate\\Http\\Request))
#24 C:\\XAMPP\\htdocs\\EODS\\Master\\vendor\\laravel\\framework\\src\\Illuminate\\Foundation\\Http\\Middleware\\TrimStrings.php(40): Illuminate\\Foundation\\Http\\Middleware\\TransformsRequest->handle(Object(Illuminate\\Http\\Request), Object(Closure))
#25 C:\\XAMPP\\htdocs\\EODS\\Master\\vendor\\laravel\\framework\\src\\Illuminate\\Pipeline\\Pipeline.php(183): Illuminate\\Foundation\\Http\\Middleware\\TrimStrings->handle(Object(Illuminate\\Http\\Request), Object(Closure))
#26 C:\\XAMPP\\htdocs\\EODS\\Master\\vendor\\laravel\\framework\\src\\Illuminate\\Foundation\\Http\\Middleware\\ValidatePostSize.php(27): Illuminate\\Pipeline\\Pipeline->Illuminate\\Pipeline\\{closure}(Object(Illuminate\\Http\\Request))
#27 C:\\XAMPP\\htdocs\\EODS\\Master\\vendor\\laravel\\framework\\src\\Illuminate\\Pipeline\\Pipeline.php(183): Illuminate\\Foundation\\Http\\Middleware\\ValidatePostSize->handle(Object(Illuminate\\Http\\Request), Object(Closure))
#28 C:\\XAMPP\\htdocs\\EODS\\Master\\vendor\\laravel\\framework\\src\\Illuminate\\Foundation\\Http\\Middleware\\PreventRequestsDuringMaintenance.php(99): Illuminate\\Pipeline\\Pipeline->Illuminate\\Pipeline\\{closure}(Object(Illuminate\\Http\\Request))
#29 C:\\XAMPP\\htdocs\\EODS\\Master\\vendor\\laravel\\framework\\src\\Illuminate\\Pipeline\\Pipeline.php(183): Illuminate\\Foundation\\Http\\Middleware\\PreventRequestsDuringMaintenance->handle(Object(Illuminate\\Http\\Request), Object(Closure))
#30 C:\\XAMPP\\htdocs\\EODS\\Master\\vendor\\laravel\\framework\\src\\Illuminate\\Http\\Middleware\\HandleCors.php(49): Illuminate\\Pipeline\\Pipeline->Illuminate\\Pipeline\\{closure}(Object(Illuminate\\Http\\Request))
#31 C:\\XAMPP\\htdocs\\EODS\\Master\\vendor\\laravel\\framework\\src\\Illuminate\\Pipeline\\Pipeline.php(183): Illuminate\\Http\\Middleware\\HandleCors->handle(Object(Illuminate\\Http\\Request), Object(Closure))
#32 C:\\XAMPP\\htdocs\\EODS\\Master\\vendor\\laravel\\framework\\src\\Illuminate\\Http\\Middleware\\TrustProxies.php(39): Illuminate\\Pipeline\\Pipeline->Illuminate\\Pipeline\\{closure}(Object(Illuminate\\Http\\Request))
#33 C:\\XAMPP\\htdocs\\EODS\\Master\\vendor\\laravel\\framework\\src\\Illuminate\\Pipeline\\Pipeline.php(183): Illuminate\\Http\\Middleware\\TrustProxies->handle(Object(Illuminate\\Http\\Request), Object(Closure))
#34 C:\\XAMPP\\htdocs\\EODS\\Master\\vendor\\laravel\\framework\\src\\Illuminate\\Pipeline\\Pipeline.php(119): Illuminate\\Pipeline\\Pipeline->Illuminate\\Pipeline\\{closure}(Object(Illuminate\\Http\\Request))
#35 C:\\XAMPP\\htdocs\\EODS\\Master\\vendor\\laravel\\framework\\src\\Illuminate\\Foundation\\Http\\Kernel.php(175): Illuminate\\Pipeline\\Pipeline->then(Object(Closure))
#36 C:\\XAMPP\\htdocs\\EODS\\Master\\vendor\\laravel\\framework\\src\\Illuminate\\Foundation\\Http\\Kernel.php(144): Illuminate\\Foundation\\Http\\Kernel->sendRequestThroughRouter(Object(Illuminate\\Http\\Request))
#37 C:\\XAMPP\\htdocs\\EODS\\Master\\public\\index.php(51): Illuminate\\Foundation\\Http\\Kernel->handle(Object(Illuminate\\Http\\Request))
#38 C:\\XAMPP\\htdocs\\EODS\\Master\\vendor\\laravel\\framework\\src\\Illuminate\\Foundation\\resources\\server.php(16): require_once('C:\\\\XAMPP\\\\htdocs...')
#39 {main}
"} 
[2026-05-12 06:58:59] local.ERROR: Class "App\Http\Controllers\UserController" does not exist {"exception":"[object] (ReflectionException(code: -1): Class \"App\\Http\\Controllers\\UserController\" does not exist at C:\\XAMPP\\htdocs\\EODS\\Master\\vendor\\laravel\\framework\\src\\Illuminate\\Foundation\\Console\\RouteListCommand.php:225)
[stacktrace]
#0 C:\\XAMPP\\htdocs\\EODS\\Master\\vendor\\laravel\\framework\\src\\Illuminate\\Foundation\\Console\\RouteListCommand.php(225): ReflectionClass->__construct('App\\\\Http\\\\Contro...')
#1 C:\\XAMPP\\htdocs\\EODS\\Master\\vendor\\laravel\\framework\\src\\Illuminate\\Foundation\\Console\\RouteListCommand.php(147): Illuminate\\Foundation\\Console\\RouteListCommand->isVendorRoute(Object(Illuminate\\Routing\\Route))
#2 C:\\XAMPP\\htdocs\\EODS\\Master\\vendor\\laravel\\framework\\src\\Illuminate\\Foundation\\Console\\RouteListCommand.php(116): Illuminate\\Foundation\\Console\\RouteListCommand->getRouteInformation(Object(Illuminate\\Routing\\Route))
#3 [internal function]: Illuminate\\Foundation\\Console\\RouteListCommand->Illuminate\\Foundation\\Console\\{closure}(Object(Illuminate\\Routing\\Route), 32)
#4 C:\\XAMPP\\htdocs\\EODS\\Master\\vendor\\laravel\\framework\\src\\Illuminate\\Collections\\Arr.php(600): array_map(Object(Closure), Array, Array)
#5 C:\\XAMPP\\htdocs\\EODS\\Master\\vendor\\laravel\\framework\\src\\Illuminate\\Collections\\Collection.php(777): Illuminate\\Support\\Arr::map(Array, Object(Closure))
#6 C:\\XAMPP\\htdocs\\EODS\\Master\\vendor\\laravel\\framework\\src\\Illuminate\\Foundation\\Console\\RouteListCommand.php(115): Illuminate\\Support\\Collection->map(Object(Closure))
#7 C:\\XAMPP\\htdocs\\EODS\\Master\\vendor\\laravel\\framework\\src\\Illuminate\\Foundation\\Console\\RouteListCommand.php(101): Illuminate\\Foundation\\Console\\RouteListCommand->getRoutes()
#8 C:\\XAMPP\\htdocs\\EODS\\Master\\vendor\\laravel\\framework\\src\\Illuminate\\Container\\BoundMethod.php(36): Illuminate\\Foundation\\Console\\RouteListCommand->handle()
#9 C:\\XAMPP\\htdocs\\EODS\\Master\\vendor\\laravel\\framework\\src\\Illuminate\\Container\\Util.php(41): Illuminate\\Container\\BoundMethod::Illuminate\\Container\\{closure}()
#10 C:\\XAMPP\\htdocs\\EODS\\Master\\vendor\\laravel\\framework\\src\\Illuminate\\Container\\BoundMethod.php(93): Illuminate\\Container\\Util::unwrapIfClosure(Object(Closure))
#11 C:\\XAMPP\\htdocs\\EODS\\Master\\vendor\\laravel\\framework\\src\\Illuminate\\Container\\BoundMethod.php(35): Illuminate\\Container\\BoundMethod::callBoundMethod(Object(Illuminate\\Foundation\\Application), Array, Object(Closure))
#12 C:\\XAMPP\\htdocs\\EODS\\Master\\vendor\\laravel\\framework\\src\\Illuminate\\Container\\Container.php(662): Illuminate\\Container\\BoundMethod::call(Object(Illuminate\\Foundation\\Application), Array, Array, NULL)
#13 C:\\XAMPP\\htdocs\\EODS\\Master\\vendor\\laravel\\framework\\src\\Illuminate\\Console\\Command.php(211): Illuminate\\Container\\Container->call(Array)
#14 C:\\XAMPP\\htdocs\\EODS\\Master\\vendor\\symfony\\console\\Command\\Command.php(326): Illuminate\\Console\\Command->execute(Object(Symfony\\Component\\Console\\Input\\ArgvInput), Object(Illuminate\\Console\\OutputStyle))
#15 C:\\XAMPP\\htdocs\\EODS\\Master\\vendor\\laravel\\framework\\src\\Illuminate\\Console\\Command.php(180): Symfony\\Component\\Console\\Command\\Command->run(Object(Symfony\\Component\\Console\\Input\\ArgvInput), Object(Illuminate\\Console\\OutputStyle))
#16 C:\\XAMPP\\htdocs\\EODS\\Master\\vendor\\symfony\\console\\Application.php(1096): Illuminate\\Console\\Command->run(Object(Symfony\\Component\\Console\\Input\\ArgvInput), Object(Symfony\\Component\\Console\\Output\\ConsoleOutput))
#17 C:\\XAMPP\\htdocs\\EODS\\Master\\vendor\\symfony\\console\\Application.php(324): Symfony\\Component\\Console\\Application->doRunCommand(Object(Illuminate\\Foundation\\Console\\RouteListCommand), Object(Symfony\\Component\\Console\\Input\\ArgvInput), Object(Symfony\\Component\\Console\\Output\\ConsoleOutput))
#18 C:\\XAMPP\\htdocs\\EODS\\Master\\vendor\\symfony\\console\\Application.php(175): Symfony\\Component\\Console\\Application->doRun(Object(Symfony\\Component\\Console\\Input\\ArgvInput), Object(Symfony\\Component\\Console\\Output\\ConsoleOutput))
#19 C:\\XAMPP\\htdocs\\EODS\\Master\\vendor\\laravel\\framework\\src\\Illuminate\\Foundation\\Console\\Kernel.php(201): Symfony\\Component\\Console\\Application->run(Object(Symfony\\Component\\Console\\Input\\ArgvInput), Object(Symfony\\Component\\Console\\Output\\ConsoleOutput))
#20 C:\\XAMPP\\htdocs\\EODS\\Master\\artisan(35): Illuminate\\Foundation\\Console\\Kernel->handle(Object(Symfony\\Component\\Console\\Input\\ArgvInput), Object(Symfony\\Component\\Console\\Output\\ConsoleOutput))
#21 {main}
"} 
[2026-05-12 07:00:29] local.ERROR: SQLSTATE[HY000] [1045] Access denied for user 'root'@'localhost' (using password: NO) (Connection: mysql, SQL: select * from `users` where `email` = michael.sutanto@ecogreenoleo.com limit 1) {"exception":"[object] (Illuminate\\Database\\QueryException(code: 1045): SQLSTATE[HY000] [1045] Access denied for user 'root'@'localhost' (using password: NO) (Connection: mysql, SQL: select * from `users` where `email` = michael.sutanto@ecogreenoleo.com limit 1) at C:\\XAMPP\\htdocs\\EODS\\Master\\vendor\\laravel\\framework\\src\\Illuminate\\Database\\Connection.php:829)
[stacktrace]
#0 C:\\XAMPP\\htdocs\\EODS\\Master\\vendor\\laravel\\framework\\src\\Illuminate\\Database\\Connection.php(783): Illuminate\\Database\\Connection->runQueryCallback('select * from `...', Array, Object(Closure))
#1 C:\\XAMPP\\htdocs\\EODS\\Master\\vendor\\laravel\\framework\\src\\Illuminate\\Database\\Connection.php(414): Illuminate\\Database\\Connection->run('select * from `...', Array, Object(Closure))
#2 C:\\XAMPP\\htdocs\\EODS\\Master\\vendor\\laravel\\framework\\src\\Illuminate\\Database\\Query\\Builder.php(2797): Illuminate\\Database\\Connection->select('select * from `...', Array, true)
#3 C:\\XAMPP\\htdocs\\EODS\\Master\\vendor\\laravel\\framework\\src\\Illuminate\\Database\\Query\\Builder.php(2786): Illuminate\\Database\\Query\\Builder->runSelect()
#4 C:\\XAMPP\\htdocs\\EODS\\Master\\vendor\\laravel\\framework\\src\\Illuminate\\Database\\Query\\Builder.php(3340): Illuminate\\Database\\Query\\Builder->Illuminate\\Database\\Query\\{closure}()
#5 C:\\XAMPP\\htdocs\\EODS\\Master\\vendor\\laravel\\framework\\src\\Illuminate\\Database\\Query\\Builder.php(2785): Illuminate\\Database\\Query\\Builder->onceWithColumns(Array, Object(Closure))
#6 C:\\XAMPP\\htdocs\\EODS\\Master\\vendor\\laravel\\framework\\src\\Illuminate\\Database\\Eloquent\\Builder.php(738): Illuminate\\Database\\Query\\Builder->get(Array)
#7 C:\\XAMPP\\htdocs\\EODS\\Master\\vendor\\laravel\\framework\\src\\Illuminate\\Database\\Eloquent\\Builder.php(722): Illuminate\\Database\\Eloquent\\Builder->getModels(Array)
#8 C:\\XAMPP\\htdocs\\EODS\\Master\\vendor\\laravel\\framework\\src\\Illuminate\\Database\\Concerns\\BuildsQueries.php(333): Illuminate\\Database\\Eloquent\\Builder->get(Array)
#9 C:\\XAMPP\\htdocs\\EODS\\Master\\vendor\\laravel\\framework\\src\\Illuminate\\Auth\\EloquentUserProvider.php(139): Illuminate\\Database\\Eloquent\\Builder->first()
#10 C:\\XAMPP\\htdocs\\EODS\\Master\\vendor\\laravel\\framework\\src\\Illuminate\\Auth\\SessionGuard.php(381): Illuminate\\Auth\\EloquentUserProvider->retrieveByCredentials(Array)
#11 C:\\XAMPP\\htdocs\\EODS\\Master\\vendor\\laravel\\ui\\auth-backend\\AuthenticatesUsers.php(86): Illuminate\\Auth\\SessionGuard->attempt(Array, false)
#12 C:\\XAMPP\\htdocs\\EODS\\Master\\vendor\\laravel\\ui\\auth-backend\\AuthenticatesUsers.php(46): App\\Http\\Controllers\\Auth\\LoginController->attemptLogin(Object(Illuminate\\Http\\Request))
#13 C:\\XAMPP\\htdocs\\EODS\\Master\\vendor\\laravel\\framework\\src\\Illuminate\\Routing\\Controller.php(54): App\\Http\\Controllers\\Auth\\LoginController->login(Object(Illuminate\\Http\\Request))
#14 C:\\XAMPP\\htdocs\\EODS\\Master\\vendor\\laravel\\framework\\src\\Illuminate\\Routing\\ControllerDispatcher.php(43): Illuminate\\Routing\\Controller->callAction('login', Array)
#15 C:\\XAMPP\\htdocs\\EODS\\Master\\vendor\\laravel\\framework\\src\\Illuminate\\Routing\\Route.php(259): Illuminate\\Routing\\ControllerDispatcher->dispatch(Object(Illuminate\\Routing\\Route), Object(App\\Http\\Controllers\\Auth\\LoginController), 'login')
#16 C:\\XAMPP\\htdocs\\EODS\\Master\\vendor\\laravel\\framework\\src\\Illuminate\\Routing\\Route.php(205): Illuminate\\Routing\\Route->runController()
#17 C:\\XAMPP\\htdocs\\EODS\\Master\\vendor\\laravel\\framework\\src\\Illuminate\\Routing\\Router.php(806): Illuminate\\Routing\\Route->run()
#18 C:\\XAMPP\\htdocs\\EODS\\Master\\vendor\\laravel\\framework\\src\\Illuminate\\Pipeline\\Pipeline.php(144): Illuminate\\Routing\\Router->Illuminate\\Routing\\{closure}(Object(Illuminate\\Http\\Request))
#19 C:\\XAMPP\\htdocs\\EODS\\Master\\app\\Http\\Middleware\\RedirectIfAuthenticated.php(28): Illuminate\\Pipeline\\Pipeline->Illuminate\\Pipeline\\{closure}(Object(Illuminate\\Http\\Request))
#20 C:\\XAMPP\\htdocs\\EODS\\Master\\vendor\\laravel\\framework\\src\\Illuminate\\Pipeline\\Pipeline.php(183): App\\Http\\Middleware\\RedirectIfAuthenticated->handle(Object(Illuminate\\Http\\Request), Object(Closure))
#21 C:\\XAMPP\\htdocs\\EODS\\Master\\vendor\\laravel\\framework\\src\\Illuminate\\Routing\\Middleware\\SubstituteBindings.php(50): Illuminate\\Pipeline\\Pipeline->Illuminate\\Pipeline\\{closure}(Object(Illuminate\\Http\\Request))
#22 C:\\XAMPP\\htdocs\\EODS\\Master\\vendor\\laravel\\framework\\src\\Illuminate\\Pipeline\\Pipeline.php(183): Illuminate\\Routing\\Middleware\\SubstituteBindings->handle(Object(Illuminate\\Http\\Request), Object(Closure))
#23 C:\\XAMPP\\htdocs\\EODS\\Master\\vendor\\laravel\\framework\\src\\Illuminate\\Foundation\\Http\\Middleware\\VerifyCsrfToken.php(78): Illuminate\\Pipeline\\Pipeline->Illuminate\\Pipeline\\{closure}(Object(Illuminate\\Http\\Request))
#24 C:\\XAMPP\\htdocs\\EODS\\Master\\vendor\\laravel\\framework\\src\\Illuminate\\Pipeline\\Pipeline.php(183): Illuminate\\Foundation\\Http\\Middleware\\VerifyCsrfToken->handle(Object(Illuminate\\Http\\Request), Object(Closure))
#25 C:\\XAMPP\\htdocs\\EODS\\Master\\vendor\\laravel\\framework\\src\\Illuminate\\View\\Middleware\\ShareErrorsFromSession.php(49): Illuminate\\Pipeline\\Pipeline->Illuminate\\Pipeline\\{closure}(Object(Illuminate\\Http\\Request))
#26 C:\\XAMPP\\htdocs\\EODS\\Master\\vendor\\laravel\\framework\\src\\Illuminate\\Pipeline\\Pipeline.php(183): Illuminate\\View\\Middleware\\ShareErrorsFromSession->handle(Object(Illuminate\\Http\\Request), Object(Closure))
#27 C:\\XAMPP\\htdocs\\EODS\\Master\\vendor\\laravel\\framework\\src\\Illuminate\\Session\\Middleware\\StartSession.php(121): Illuminate\\Pipeline\\Pipeline->Illuminate\\Pipeline\\{closure}(Object(Illuminate\\Http\\Request))
#28 C:\\XAMPP\\htdocs\\EODS\\Master\\vendor\\laravel\\framework\\src\\Illuminate\\Session\\Middleware\\StartSession.php(64): Illuminate\\Session\\Middleware\\StartSession->handleStatefulRequest(Object(Illuminate\\Http\\Request), Object(Illuminate\\Session\\Store), Object(Closure))
#29 C:\\XAMPP\\htdocs\\EODS\\Master\\vendor\\laravel\\framework\\src\\Illuminate\\Pipeline\\Pipeline.php(183): Illuminate\\Session\\Middleware\\StartSession->handle(Object(Illuminate\\Http\\Request), Object(Closure))
#30 C:\\XAMPP\\htdocs\\EODS\\Master\\vendor\\laravel\\framework\\src\\Illuminate\\Cookie\\Middleware\\AddQueuedCookiesToResponse.php(37): Illuminate\\Pipeline\\Pipeline->Illuminate\\Pipeline\\{closure}(Object(Illuminate\\Http\\Request))
#31 C:\\XAMPP\\htdocs\\EODS\\Master\\vendor\\laravel\\framework\\src\\Illuminate\\Pipeline\\Pipeline.php(183): Illuminate\\Cookie\\Middleware\\AddQueuedCookiesToResponse->handle(Object(Illuminate\\Http\\Request), Object(Closure))
#32 C:\\XAMPP\\htdocs\\EODS\\Master\\vendor\\laravel\\framework\\src\\Illuminate\\Cookie\\Middleware\\EncryptCookies.php(67): Illuminate\\Pipeline\\Pipeline->Illuminate\\Pipeline\\{closure}(Object(Illuminate\\Http\\Request))
#33 C:\\XAMPP\\htdocs\\EODS\\Master\\vendor\\laravel\\framework\\src\\Illuminate\\Pipeline\\Pipeline.php(183): Illuminate\\Cookie\\Middleware\\EncryptCookies->handle(Object(Illuminate\\Http\\Request), Object(Closure))
#34 C:\\XAMPP\\htdocs\\EODS\\Master\\vendor\\laravel\\framework\\src\\Illuminate\\Pipeline\\Pipeline.php(119): Illuminate\\Pipeline\\Pipeline->Illuminate\\Pipeline\\{closure}(Object(Illuminate\\Http\\Request))
#35 C:\\XAMPP\\htdocs\\EODS\\Master\\vendor\\laravel\\framework\\src\\Illuminate\\Routing\\Router.php(805): Illuminate\\Pipeline\\Pipeline->then(Object(Closure))
#36 C:\\XAMPP\\htdocs\\EODS\\Master\\vendor\\laravel\\framework\\src\\Illuminate\\Routing\\Router.php(784): Illuminate\\Routing\\Router->runRouteWithinStack(Object(Illuminate\\Routing\\Route), Object(Illuminate\\Http\\Request))
#37 C:\\XAMPP\\htdocs\\EODS\\Master\\vendor\\laravel\\framework\\src\\Illuminate\\Routing\\Router.php(748): Illuminate\\Routing\\Router->runRoute(Object(Illuminate\\Http\\Request), Object(Illuminate\\Routing\\Route))
#38 C:\\XAMPP\\htdocs\\EODS\\Master\\vendor\\laravel\\framework\\src\\Illuminate\\Routing\\Router.php(737): Illuminate\\Routing\\Router->dispatchToRoute(Object(Illuminate\\Http\\Request))
#39 C:\\XAMPP\\htdocs\\EODS\\Master\\vendor\\laravel\\framework\\src\\Illuminate\\Foundation\\Http\\Kernel.php(200): Illuminate\\Routing\\Router->dispatch(Object(Illuminate\\Http\\Request))
#40 C:\\XAMPP\\htdocs\\EODS\\Master\\vendor\\laravel\\framework\\src\\Illuminate\\Pipeline\\Pipeline.php(144): Illuminate\\Foundation\\Http\\Kernel->Illuminate\\Foundation\\Http\\{closure}(Object(Illuminate\\Http\\Request))
#41 C:\\XAMPP\\htdocs\\EODS\\Master\\vendor\\laravel\\framework\\src\\Illuminate\\Foundation\\Http\\Middleware\\TransformsRequest.php(21): Illuminate\\Pipeline\\Pipeline->Illuminate\\Pipeline\\{closure}(Object(Illuminate\\Http\\Request))
#42 C:\\XAMPP\\htdocs\\EODS\\Master\\vendor\\laravel\\framework\\src\\Illuminate\\Foundation\\Http\\Middleware\\ConvertEmptyStringsToNull.php(31): Illuminate\\Foundation\\Http\\Middleware\\TransformsRequest->handle(Object(Illuminate\\Http\\Request), Object(Closure))
#43 C:\\XAMPP\\htdocs\\EODS\\Master\\vendor\\laravel\\framework\\src\\Illuminate\\Pipeline\\Pipeline.php(183): Illuminate\\Foundation\\Http\\Middleware\\ConvertEmptyStringsToNull->handle(Object(Illuminate\\Http\\Request), Object(Closure))
#44 C:\\XAMPP\\htdocs\\EODS\\Master\\vendor\\laravel\\framework\\src\\Illuminate\\Foundation\\Http\\Middleware\\TransformsRequest.php(21): Illuminate\\Pipeline\\Pipeline->Illuminate\\Pipeline\\{closure}(Object(Illuminate\\Http\\Request))
#45 C:\\XAMPP\\htdocs\\EODS\\Master\\vendor\\laravel\\framework\\src\\Illuminate\\Foundation\\Http\\Middleware\\TrimStrings.php(40): Illuminate\\Foundation\\Http\\Middleware\\TransformsRequest->handle(Object(Illuminate\\Http\\Request), Object(Closure))
#46 C:\\XAMPP\\htdocs\\EODS\\Master\\vendor\\laravel\\framework\\src\\Illuminate\\Pipeline\\Pipeline.php(183): Illuminate\\Foundation\\Http\\Middleware\\TrimStrings->handle(Object(Illuminate\\Http\\Request), Object(Closure))
#47 C:\\XAMPP\\htdocs\\EODS\\Master\\vendor\\laravel\\framework\\src\\Illuminate\\Foundation\\Http\\Middleware\\ValidatePostSize.php(27): Illuminate\\Pipeline\\Pipeline->Illuminate\\Pipeline\\{closure}(Object(Illuminate\\Http\\Request))
#48 C:\\XAMPP\\htdocs\\EODS\\Master\\vendor\\laravel\\framework\\src\\Illuminate\\Pipeline\\Pipeline.php(183): Illuminate\\Foundation\\Http\\Middleware\\ValidatePostSize->handle(Object(Illuminate\\Http\\Request), Object(Closure))
#49 C:\\XAMPP\\htdocs\\EODS\\Master\\vendor\\laravel\\framework\\src\\Illuminate\\Foundation\\Http\\Middleware\\PreventRequestsDuringMaintenance.php(99): Illuminate\\Pipeline\\Pipeline->Illuminate\\Pipeline\\{closure}(Object(Illuminate\\Http\\Request))
#50 C:\\XAMPP\\htdocs\\EODS\\Master\\vendor\\laravel\\framework\\src\\Illuminate\\Pipeline\\Pipeline.php(183): Illuminate\\Foundation\\Http\\Middleware\\PreventRequestsDuringMaintenance->handle(Object(Illuminate\\Http\\Request), Object(Closure))
#51 C:\\XAMPP\\htdocs\\EODS\\Master\\vendor\\laravel\\framework\\src\\Illuminate\\Http\\Middleware\\HandleCors.php(49): Illuminate\\Pipeline\\Pipeline->Illuminate\\Pipeline\\{closure}(Object(Illuminate\\Http\\Request))
#52 C:\\XAMPP\\htdocs\\EODS\\Master\\vendor\\laravel\\framework\\src\\Illuminate\\Pipeline\\Pipeline.php(183): Illuminate\\Http\\Middleware\\HandleCors->handle(Object(Illuminate\\Http\\Request), Object(Closure))
#53 C:\\XAMPP\\htdocs\\EODS\\Master\\vendor\\laravel\\framework\\src\\Illuminate\\Http\\Middleware\\TrustProxies.php(39): Illuminate\\Pipeline\\Pipeline->Illuminate\\Pipeline\\{closure}(Object(Illuminate\\Http\\Request))
#54 C:\\XAMPP\\htdocs\\EODS\\Master\\vendor\\laravel\\framework\\src\\Illuminate\\Pipeline\\Pipeline.php(183): Illuminate\\Http\\Middleware\\TrustProxies->handle(Object(Illuminate\\Http\\Request), Object(Closure))
#55 C:\\XAMPP\\htdocs\\EODS\\Master\\vendor\\laravel\\framework\\src\\Illuminate\\Pipeline\\Pipeline.php(119): Illuminate\\Pipeline\\Pipeline->Illuminate\\Pipeline\\{closure}(Object(Illuminate\\Http\\Request))
#56 C:\\XAMPP\\htdocs\\EODS\\Master\\vendor\\laravel\\framework\\src\\Illuminate\\Foundation\\Http\\Kernel.php(175): Illuminate\\Pipeline\\Pipeline->then(Object(Closure))
#57 C:\\XAMPP\\htdocs\\EODS\\Master\\vendor\\laravel\\framework\\src\\Illuminate\\Foundation\\Http\\Kernel.php(144): Illuminate\\Foundation\\Http\\Kernel->sendRequestThroughRouter(Object(Illuminate\\Http\\Request))
#58 C:\\XAMPP\\htdocs\\EODS\\Master\\public\\index.php(51): Illuminate\\Foundation\\Http\\Kernel->handle(Object(Illuminate\\Http\\Request))
#59 C:\\XAMPP\\htdocs\\EODS\\Master\\vendor\\laravel\\framework\\src\\Illuminate\\Foundation\\resources\\server.php(16): require_once('C:\\\\XAMPP\\\\htdocs...')
#60 {main}

[previous exception] [object] (PDOException(code: 1045): SQLSTATE[HY000] [1045] Access denied for user 'root'@'localhost' (using password: NO) at C:\\XAMPP\\htdocs\\EODS\\Master\\vendor\\laravel\\framework\\src\\Illuminate\\Database\\Connectors\\Connector.php:65)
[stacktrace]
#0 C:\\XAMPP\\htdocs\\EODS\\Master\\vendor\\laravel\\framework\\src\\Illuminate\\Database\\Connectors\\Connector.php(65): PDO->__construct('mysql:host=127....', 'root', Object(SensitiveParameterValue), Array)
#1 C:\\XAMPP\\htdocs\\EODS\\Master\\vendor\\laravel\\framework\\src\\Illuminate\\Database\\Connectors\\Connector.php(44): Illuminate\\Database\\Connectors\\Connector->createPdoConnection('mysql:host=127....', 'root', '', Array)
#2 C:\\XAMPP\\htdocs\\EODS\\Master\\vendor\\laravel\\framework\\src\\Illuminate\\Database\\Connectors\\MySqlConnector.php(24): Illuminate\\Database\\Connectors\\Connector->createConnection('mysql:host=127....', Array, Array)
#3 C:\\XAMPP\\htdocs\\EODS\\Master\\vendor\\laravel\\framework\\src\\Illuminate\\Database\\Connectors\\ConnectionFactory.php(184): Illuminate\\Database\\Connectors\\MySqlConnector->connect(Array)
#4 [internal function]: Illuminate\\Database\\Connectors\\ConnectionFactory->Illuminate\\Database\\Connectors\\{closure}()
#5 C:\\XAMPP\\htdocs\\EODS\\Master\\vendor\\laravel\\framework\\src\\Illuminate\\Database\\Connection.php(1339): call_user_func(Object(Closure))
#6 C:\\XAMPP\\htdocs\\EODS\\Master\\vendor\\laravel\\framework\\src\\Illuminate\\Database\\Connection.php(1375): Illuminate\\Database\\Connection->getPdo()
#7 C:\\XAMPP\\htdocs\\EODS\\Master\\vendor\\laravel\\framework\\src\\Illuminate\\Database\\Connection.php(528): Illuminate\\Database\\Connection->getReadPdo()
#8 C:\\XAMPP\\htdocs\\EODS\\Master\\vendor\\laravel\\framework\\src\\Illuminate\\Database\\Connection.php(423): Illuminate\\Database\\Connection->getPdoForSelect(true)
#9 C:\\XAMPP\\htdocs\\EODS\\Master\\vendor\\laravel\\framework\\src\\Illuminate\\Database\\Connection.php(816): Illuminate\\Database\\Connection->Illuminate\\Database\\{closure}('select * from `...', Array)
#10 C:\\XAMPP\\htdocs\\EODS\\Master\\vendor\\laravel\\framework\\src\\Illuminate\\Database\\Connection.php(783): Illuminate\\Database\\Connection->runQueryCallback('select * from `...', Array, Object(Closure))
#11 C:\\XAMPP\\htdocs\\EODS\\Master\\vendor\\laravel\\framework\\src\\Illuminate\\Database\\Connection.php(414): Illuminate\\Database\\Connection->run('select * from `...', Array, Object(Closure))
#12 C:\\XAMPP\\htdocs\\EODS\\Master\\vendor\\laravel\\framework\\src\\Illuminate\\Database\\Query\\Builder.php(2797): Illuminate\\Database\\Connection->select('select * from `...', Array, true)
#13 C:\\XAMPP\\htdocs\\EODS\\Master\\vendor\\laravel\\framework\\src\\Illuminate\\Database\\Query\\Builder.php(2786): Illuminate\\Database\\Query\\Builder->runSelect()
#14 C:\\XAMPP\\htdocs\\EODS\\Master\\vendor\\laravel\\framework\\src\\Illuminate\\Database\\Query\\Builder.php(3340): Illuminate\\Database\\Query\\Builder->Illuminate\\Database\\Query\\{closure}()
#15 C:\\XAMPP\\htdocs\\EODS\\Master\\vendor\\laravel\\framework\\src\\Illuminate\\Database\\Query\\Builder.php(2785): Illuminate\\Database\\Query\\Builder->onceWithColumns(Array, Object(Closure))
#16 C:\\XAMPP\\htdocs\\EODS\\Master\\vendor\\laravel\\framework\\src\\Illuminate\\Database\\Eloquent\\Builder.php(738): Illuminate\\Database\\Query\\Builder->get(Array)
#17 C:\\XAMPP\\htdocs\\EODS\\Master\\vendor\\laravel\\framework\\src\\Illuminate\\Database\\Eloquent\\Builder.php(722): Illuminate\\Database\\Eloquent\\Builder->getModels(Array)
#18 C:\\XAMPP\\htdocs\\EODS\\Master\\vendor\\laravel\\framework\\src\\Illuminate\\Database\\Concerns\\BuildsQueries.php(333): Illuminate\\Database\\Eloquent\\Builder->get(Array)
#19 C:\\XAMPP\\htdocs\\EODS\\Master\\vendor\\laravel\\framework\\src\\Illuminate\\Auth\\EloquentUserProvider.php(139): Illuminate\\Database\\Eloquent\\Builder->first()
#20 C:\\XAMPP\\htdocs\\EODS\\Master\\vendor\\laravel\\framework\\src\\Illuminate\\Auth\\SessionGuard.php(381): Illuminate\\Auth\\EloquentUserProvider->retrieveByCredentials(Array)
#21 C:\\XAMPP\\htdocs\\EODS\\Master\\vendor\\laravel\\ui\\auth-backend\\AuthenticatesUsers.php(86): Illuminate\\Auth\\SessionGuard->attempt(Array, false)
#22 C:\\XAMPP\\htdocs\\EODS\\Master\\vendor\\laravel\\ui\\auth-backend\\AuthenticatesUsers.php(46): App\\Http\\Controllers\\Auth\\LoginController->attemptLogin(Object(Illuminate\\Http\\Request))
#23 C:\\XAMPP\\htdocs\\EODS\\Master\\vendor\\laravel\\framework\\src\\Illuminate\\Routing\\Controller.php(54): App\\Http\\Controllers\\Auth\\LoginController->login(Object(Illuminate\\Http\\Request))
#24 C:\\XAMPP\\htdocs\\EODS\\Master\\vendor\\laravel\\framework\\src\\Illuminate\\Routing\\ControllerDispatcher.php(43): Illuminate\\Routing\\Controller->callAction('login', Array)
#25 C:\\XAMPP\\htdocs\\EODS\\Master\\vendor\\laravel\\framework\\src\\Illuminate\\Routing\\Route.php(259): Illuminate\\Routing\\ControllerDispatcher->dispatch(Object(Illuminate\\Routing\\Route), Object(App\\Http\\Controllers\\Auth\\LoginController), 'login')
#26 C:\\XAMPP\\htdocs\\EODS\\Master\\vendor\\laravel\\framework\\src\\Illuminate\\Routing\\Route.php(205): Illuminate\\Routing\\Route->runController()
#27 C:\\XAMPP\\htdocs\\EODS\\Master\\vendor\\laravel\\framework\\src\\Illuminate\\Routing\\Router.php(806): Illuminate\\Routing\\Route->run()
#28 C:\\XAMPP\\htdocs\\EODS\\Master\\vendor\\laravel\\framework\\src\\Illuminate\\Pipeline\\Pipeline.php(144): Illuminate\\Routing\\Router->Illuminate\\Routing\\{closure}(Object(Illuminate\\Http\\Request))
#29 C:\\XAMPP\\htdocs\\EODS\\Master\\app\\Http\\Middleware\\RedirectIfAuthenticated.php(28): Illuminate\\Pipeline\\Pipeline->Illuminate\\Pipeline\\{closure}(Object(Illuminate\\Http\\Request))
#30 C:\\XAMPP\\htdocs\\EODS\\Master\\vendor\\laravel\\framework\\src\\Illuminate\\Pipeline\\Pipeline.php(183): App\\Http\\Middleware\\RedirectIfAuthenticated->handle(Object(Illuminate\\Http\\Request), Object(Closure))
#31 C:\\XAMPP\\htdocs\\EODS\\Master\\vendor\\laravel\\framework\\src\\Illuminate\\Routing\\Middleware\\SubstituteBindings.php(50): Illuminate\\Pipeline\\Pipeline->Illuminate\\Pipeline\\{closure}(Object(Illuminate\\Http\\Request))
#32 C:\\XAMPP\\htdocs\\EODS\\Master\\vendor\\laravel\\framework\\src\\Illuminate\\Pipeline\\Pipeline.php(183): Illuminate\\Routing\\Middleware\\SubstituteBindings->handle(Object(Illuminate\\Http\\Request), Object(Closure))
#33 C:\\XAMPP\\htdocs\\EODS\\Master\\vendor\\laravel\\framework\\src\\Illuminate\\Foundation\\Http\\Middleware\\VerifyCsrfToken.php(78): Illuminate\\Pipeline\\Pipeline->Illuminate\\Pipeline\\{closure}(Object(Illuminate\\Http\\Request))
#34 C:\\XAMPP\\htdocs\\EODS\\Master\\vendor\\laravel\\framework\\src\\Illuminate\\Pipeline\\Pipeline.php(183): Illuminate\\Foundation\\Http\\Middleware\\VerifyCsrfToken->handle(Object(Illuminate\\Http\\Request), Object(Closure))
#35 C:\\XAMPP\\htdocs\\EODS\\Master\\vendor\\laravel\\framework\\src\\Illuminate\\View\\Middleware\\ShareErrorsFromSession.php(49): Illuminate\\Pipeline\\Pipeline->Illuminate\\Pipeline\\{closure}(Object(Illuminate\\Http\\Request))
#36 C:\\XAMPP\\htdocs\\EODS\\Master\\vendor\\laravel\\framework\\src\\Illuminate\\Pipeline\\Pipeline.php(183): Illuminate\\View\\Middleware\\ShareErrorsFromSession->handle(Object(Illuminate\\Http\\Request), Object(Closure))
#37 C:\\XAMPP\\htdocs\\EODS\\Master\\vendor\\laravel\\framework\\src\\Illuminate\\Session\\Middleware\\StartSession.php(121): Illuminate\\Pipeline\\Pipeline->Illuminate\\Pipeline\\{closure}(Object(Illuminate\\Http\\Request))
#38 C:\\XAMPP\\htdocs\\EODS\\Master\\vendor\\laravel\\framework\\src\\Illuminate\\Session\\Middleware\\StartSession.php(64): Illuminate\\Session\\Middleware\\StartSession->handleStatefulRequest(Object(Illuminate\\Http\\Request), Object(Illuminate\\Session\\Store), Object(Closure))
#39 C:\\XAMPP\\htdocs\\EODS\\Master\\vendor\\laravel\\framework\\src\\Illuminate\\Pipeline\\Pipeline.php(183): Illuminate\\Session\\Middleware\\StartSession->handle(Object(Illuminate\\Http\\Request), Object(Closure))
#40 C:\\XAMPP\\htdocs\\EODS\\Master\\vendor\\laravel\\framework\\src\\Illuminate\\Cookie\\Middleware\\AddQueuedCookiesToResponse.php(37): Illuminate\\Pipeline\\Pipeline->Illuminate\\Pipeline\\{closure}(Object(Illuminate\\Http\\Request))
#41 C:\\XAMPP\\htdocs\\EODS\\Master\\vendor\\laravel\\framework\\src\\Illuminate\\Pipeline\\Pipeline.php(183): Illuminate\\Cookie\\Middleware\\AddQueuedCookiesToResponse->handle(Object(Illuminate\\Http\\Request), Object(Closure))
#42 C:\\XAMPP\\htdocs\\EODS\\Master\\vendor\\laravel\\framework\\src\\Illuminate\\Cookie\\Middleware\\EncryptCookies.php(67): Illuminate\\Pipeline\\Pipeline->Illuminate\\Pipeline\\{closure}(Object(Illuminate\\Http\\Request))
#43 C:\\XAMPP\\htdocs\\EODS\\Master\\vendor\\laravel\\framework\\src\\Illuminate\\Pipeline\\Pipeline.php(183): Illuminate\\Cookie\\Middleware\\EncryptCookies->handle(Object(Illuminate\\Http\\Request), Object(Closure))
#44 C:\\XAMPP\\htdocs\\EODS\\Master\\vendor\\laravel\\framework\\src\\Illuminate\\Pipeline\\Pipeline.php(119): Illuminate\\Pipeline\\Pipeline->Illuminate\\Pipeline\\{closure}(Object(Illuminate\\Http\\Request))
#45 C:\\XAMPP\\htdocs\\EODS\\Master\\vendor\\laravel\\framework\\src\\Illuminate\\Routing\\Router.php(805): Illuminate\\Pipeline\\Pipeline->then(Object(Closure))
#46 C:\\XAMPP\\htdocs\\EODS\\Master\\vendor\\laravel\\framework\\src\\Illuminate\\Routing\\Router.php(784): Illuminate\\Routing\\Router->runRouteWithinStack(Object(Illuminate\\Routing\\Route), Object(Illuminate\\Http\\Request))
#47 C:\\XAMPP\\htdocs\\EODS\\Master\\vendor\\laravel\\framework\\src\\Illuminate\\Routing\\Router.php(748): Illuminate\\Routing\\Router->runRoute(Object(Illuminate\\Http\\Request), Object(Illuminate\\Routing\\Route))
#48 C:\\XAMPP\\htdocs\\EODS\\Master\\vendor\\laravel\\framework\\src\\Illuminate\\Routing\\Router.php(737): Illuminate\\Routing\\Router->dispatchToRoute(Object(Illuminate\\Http\\Request))
#49 C:\\XAMPP\\htdocs\\EODS\\Master\\vendor\\laravel\\framework\\src\\Illuminate\\Foundation\\Http\\Kernel.php(200): Illuminate\\Routing\\Router->dispatch(Object(Illuminate\\Http\\Request))
#50 C:\\XAMPP\\htdocs\\EODS\\Master\\vendor\\laravel\\framework\\src\\Illuminate\\Pipeline\\Pipeline.php(144): Illuminate\\Foundation\\Http\\Kernel->Illuminate\\Foundation\\Http\\{closure}(Object(Illuminate\\Http\\Request))
#51 C:\\XAMPP\\htdocs\\EODS\\Master\\vendor\\laravel\\framework\\src\\Illuminate\\Foundation\\Http\\Middleware\\TransformsRequest.php(21): Illuminate\\Pipeline\\Pipeline->Illuminate\\Pipeline\\{closure}(Object(Illuminate\\Http\\Request))
#52 C:\\XAMPP\\htdocs\\EODS\\Master\\vendor\\laravel\\framework\\src\\Illuminate\\Foundation\\Http\\Middleware\\ConvertEmptyStringsToNull.php(31): Illuminate\\Foundation\\Http\\Middleware\\TransformsRequest->handle(Object(Illuminate\\Http\\Request), Object(Closure))
#53 C:\\XAMPP\\htdocs\\EODS\\Master\\vendor\\laravel\\framework\\src\\Illuminate\\Pipeline\\Pipeline.php(183): Illuminate\\Foundation\\Http\\Middleware\\ConvertEmptyStringsToNull->handle(Object(Illuminate\\Http\\Request), Object(Closure))
#54 C:\\XAMPP\\htdocs\\EODS\\Master\\vendor\\laravel\\framework\\src\\Illuminate\\Foundation\\Http\\Middleware\\TransformsRequest.php(21): Illuminate\\Pipeline\\Pipeline->Illuminate\\Pipeline\\{closure}(Object(Illuminate\\Http\\Request))
#55 C:\\XAMPP\\htdocs\\EODS\\Master\\vendor\\laravel\\framework\\src\\Illuminate\\Foundation\\Http\\Middleware\\TrimStrings.php(40): Illuminate\\Foundation\\Http\\Middleware\\TransformsRequest->handle(Object(Illuminate\\Http\\Request), Object(Closure))
#56 C:\\XAMPP\\htdocs\\EODS\\Master\\vendor\\laravel\\framework\\src\\Illuminate\\Pipeline\\Pipeline.php(183): Illuminate\\Foundation\\Http\\Middleware\\TrimStrings->handle(Object(Illuminate\\Http\\Request), Object(Closure))
#57 C:\\XAMPP\\htdocs\\EODS\\Master\\vendor\\laravel\\framework\\src\\Illuminate\\Foundation\\Http\\Middleware\\ValidatePostSize.php(27): Illuminate\\Pipeline\\Pipeline->Illuminate\\Pipeline\\{closure}(Object(Illuminate\\Http\\Request))
#58 C:\\XAMPP\\htdocs\\EODS\\Master\\vendor\\laravel\\framework\\src\\Illuminate\\Pipeline\\Pipeline.php(183): Illuminate\\Foundation\\Http\\Middleware\\ValidatePostSize->handle(Object(Illuminate\\Http\\Request), Object(Closure))
#59 C:\\XAMPP\\htdocs\\EODS\\Master\\vendor\\laravel\\framework\\src\\Illuminate\\Foundation\\Http\\Middleware\\PreventRequestsDuringMaintenance.php(99): Illuminate\\Pipeline\\Pipeline->Illuminate\\Pipeline\\{closure}(Object(Illuminate\\Http\\Request))
#60 C:\\XAMPP\\htdocs\\EODS\\Master\\vendor\\laravel\\framework\\src\\Illuminate\\Pipeline\\Pipeline.php(183): Illuminate\\Foundation\\Http\\Middleware\\PreventRequestsDuringMaintenance->handle(Object(Illuminate\\Http\\Request), Object(Closure))
#61 C:\\XAMPP\\htdocs\\EODS\\Master\\vendor\\laravel\\framework\\src\\Illuminate\\Http\\Middleware\\HandleCors.php(49): Illuminate\\Pipeline\\Pipeline->Illuminate\\Pipeline\\{closure}(Object(Illuminate\\Http\\Request))
#62 C:\\XAMPP\\htdocs\\EODS\\Master\\vendor\\laravel\\framework\\src\\Illuminate\\Pipeline\\Pipeline.php(183): Illuminate\\Http\\Middleware\\HandleCors->handle(Object(Illuminate\\Http\\Request), Object(Closure))
#63 C:\\XAMPP\\htdocs\\EODS\\Master\\vendor\\laravel\\framework\\src\\Illuminate\\Http\\Middleware\\TrustProxies.php(39): Illuminate\\Pipeline\\Pipeline->Illuminate\\Pipeline\\{closure}(Object(Illuminate\\Http\\Request))
#64 C:\\XAMPP\\htdocs\\EODS\\Master\\vendor\\laravel\\framework\\src\\Illuminate\\Pipeline\\Pipeline.php(183): Illuminate\\Http\\Middleware\\TrustProxies->handle(Object(Illuminate\\Http\\Request), Object(Closure))
#65 C:\\XAMPP\\htdocs\\EODS\\Master\\vendor\\laravel\\framework\\src\\Illuminate\\Pipeline\\Pipeline.php(119): Illuminate\\Pipeline\\Pipeline->Illuminate\\Pipeline\\{closure}(Object(Illuminate\\Http\\Request))
#66 C:\\XAMPP\\htdocs\\EODS\\Master\\vendor\\laravel\\framework\\src\\Illuminate\\Foundation\\Http\\Kernel.php(175): Illuminate\\Pipeline\\Pipeline->then(Object(Closure))
#67 C:\\XAMPP\\htdocs\\EODS\\Master\\vendor\\laravel\\framework\\src\\Illuminate\\Foundation\\Http\\Kernel.php(144): Illuminate\\Foundation\\Http\\Kernel->sendRequestThroughRouter(Object(Illuminate\\Http\\Request))
#68 C:\\XAMPP\\htdocs\\EODS\\Master\\public\\index.php(51): Illuminate\\Foundation\\Http\\Kernel->handle(Object(Illuminate\\Http\\Request))
#69 C:\\XAMPP\\htdocs\\EODS\\Master\\vendor\\laravel\\framework\\src\\Illuminate\\Foundation\\resources\\server.php(16): require_once('C:\\\\XAMPP\\\\htdocs...')
#70 {main}
"} 
[2026-05-12 07:13:49] local.ERROR: Writing to C:/Users/michaelu/AppData/Roaming/PsySH/psysh_history is not allowed. {"exception":"[object] (ErrorException(code: 0): Writing to C:/Users/michaelu/AppData/Roaming/PsySH/psysh_history is not allowed. at C:\\XAMPP\\htdocs\\EODS\\Master\\vendor\\psy\\psysh\\src\\ConfigPaths.php:351)
[stacktrace]
#0 C:\\XAMPP\\htdocs\\EODS\\Master\\vendor\\laravel\\framework\\src\\Illuminate\\Foundation\\Bootstrap\\HandleExceptions.php(255): Illuminate\\Foundation\\Bootstrap\\HandleExceptions->handleError(1024, 'Writing to C:/U...', 'C:\\\\XAMPP\\\\htdocs...', 351)
#1 [internal function]: Illuminate\\Foundation\\Bootstrap\\HandleExceptions->Illuminate\\Foundation\\Bootstrap\\{closure}(1024, 'Writing to C:/U...', 'C:\\\\XAMPP\\\\htdocs...', 351)
#2 C:\\XAMPP\\htdocs\\EODS\\Master\\vendor\\psy\\psysh\\src\\ConfigPaths.php(351): trigger_error('Writing to C:/U...', 1024)
#3 C:\\XAMPP\\htdocs\\EODS\\Master\\vendor\\psy\\psysh\\src\\Configuration.php(646): Psy\\ConfigPaths::touchFileWithMkdir('C:/Users/michae...')
#4 C:\\XAMPP\\htdocs\\EODS\\Master\\vendor\\psy\\psysh\\src\\Configuration.php(669): Psy\\Configuration->setHistoryFile('C:/Users/michae...')
#5 C:\\XAMPP\\htdocs\\EODS\\Master\\vendor\\psy\\psysh\\src\\Configuration.php(809): Psy\\Configuration->getHistoryFile()
#6 C:\\XAMPP\\htdocs\\EODS\\Master\\vendor\\psy\\psysh\\src\\Shell.php(88): Psy\\Configuration->getReadline()
#7 C:\\XAMPP\\htdocs\\EODS\\Master\\vendor\\laravel\\tinker\\src\\Console\\TinkerCommand.php(59): Psy\\Shell->__construct(Object(Psy\\Configuration))
#8 C:\\XAMPP\\htdocs\\EODS\\Master\\vendor\\laravel\\framework\\src\\Illuminate\\Container\\BoundMethod.php(36): Laravel\\Tinker\\Console\\TinkerCommand->handle()
#9 C:\\XAMPP\\htdocs\\EODS\\Master\\vendor\\laravel\\framework\\src\\Illuminate\\Container\\Util.php(41): Illuminate\\Container\\BoundMethod::Illuminate\\Container\\{closure}()
#10 C:\\XAMPP\\htdocs\\EODS\\Master\\vendor\\laravel\\framework\\src\\Illuminate\\Container\\BoundMethod.php(93): Illuminate\\Container\\Util::unwrapIfClosure(Object(Closure))
#11 C:\\XAMPP\\htdocs\\EODS\\Master\\vendor\\laravel\\framework\\src\\Illuminate\\Container\\BoundMethod.php(35): Illuminate\\Container\\BoundMethod::callBoundMethod(Object(Illuminate\\Foundation\\Application), Array, Object(Closure))
#12 C:\\XAMPP\\htdocs\\EODS\\Master\\vendor\\laravel\\framework\\src\\Illuminate\\Container\\Container.php(662): Illuminate\\Container\\BoundMethod::call(Object(Illuminate\\Foundation\\Application), Array, Array, NULL)
#13 C:\\XAMPP\\htdocs\\EODS\\Master\\vendor\\laravel\\framework\\src\\Illuminate\\Console\\Command.php(211): Illuminate\\Container\\Container->call(Array)
#14 C:\\XAMPP\\htdocs\\EODS\\Master\\vendor\\symfony\\console\\Command\\Command.php(326): Illuminate\\Console\\Command->execute(Object(Symfony\\Component\\Console\\Input\\ArgvInput), Object(Illuminate\\Console\\OutputStyle))
#15 C:\\XAMPP\\htdocs\\EODS\\Master\\vendor\\laravel\\framework\\src\\Illuminate\\Console\\Command.php(180): Symfony\\Component\\Console\\Command\\Command->run(Object(Symfony\\Component\\Console\\Input\\ArgvInput), Object(Illuminate\\Console\\OutputStyle))
#16 C:\\XAMPP\\htdocs\\EODS\\Master\\vendor\\symfony\\console\\Application.php(1096): Illuminate\\Console\\Command->run(Object(Symfony\\Component\\Console\\Input\\ArgvInput), Object(Symfony\\Component\\Console\\Output\\ConsoleOutput))
#17 C:\\XAMPP\\htdocs\\EODS\\Master\\vendor\\symfony\\console\\Application.php(324): Symfony\\Component\\Console\\Application->doRunCommand(Object(Laravel\\Tinker\\Console\\TinkerCommand), Object(Symfony\\Component\\Console\\Input\\ArgvInput), Object(Symfony\\Component\\Console\\Output\\ConsoleOutput))
#18 C:\\XAMPP\\htdocs\\EODS\\Master\\vendor\\symfony\\console\\Application.php(175): Symfony\\Component\\Console\\Application->doRun(Object(Symfony\\Component\\Console\\Input\\ArgvInput), Object(Symfony\\Component\\Console\\Output\\ConsoleOutput))
#19 C:\\XAMPP\\htdocs\\EODS\\Master\\vendor\\laravel\\framework\\src\\Illuminate\\Foundation\\Console\\Kernel.php(201): Symfony\\Component\\Console\\Application->run(Object(Symfony\\Component\\Console\\Input\\ArgvInput), Object(Symfony\\Component\\Console\\Output\\ConsoleOutput))
#20 C:\\XAMPP\\htdocs\\EODS\\Master\\artisan(35): Illuminate\\Foundation\\Console\\Kernel->handle(Object(Symfony\\Component\\Console\\Input\\ArgvInput), Object(Symfony\\Component\\Console\\Output\\ConsoleOutput))
#21 {main}
"} 
[2026-05-13 08:58:07] local.ERROR: SQLSTATE[42S22]: Column not found: 1054 Unknown column 'role_user.user_type' in 'SELECT' (Connection: mysql, SQL: select `roles`.*, `role_user`.`user_id` as `pivot_user_id`, `role_user`.`role_id` as `pivot_role_id`, `role_user`.`user_type` as `pivot_user_type` from `roles` inner join `role_user` on `roles`.`id` = `role_user`.`role_id` where `role_user`.`user_id` = 37 and `role_user`.`user_type` = App\Models\User) {"userId":37,"exception":"[object] (Illuminate\\Database\\QueryException(code: 42S22): SQLSTATE[42S22]: Column not found: 1054 Unknown column 'role_user.user_type' in 'SELECT' (Connection: mysql, SQL: select `roles`.*, `role_user`.`user_id` as `pivot_user_id`, `role_user`.`role_id` as `pivot_role_id`, `role_user`.`user_type` as `pivot_user_type` from `roles` inner join `role_user` on `roles`.`id` = `role_user`.`role_id` where `role_user`.`user_id` = 37 and `role_user`.`user_type` = App\\Models\\User) at C:\\XAMPP\\htdocs\\EODS\\Master\\vendor\\laravel\\framework\\src\\Illuminate\\Database\\Connection.php:829)
[stacktrace]
#0 C:\\XAMPP\\htdocs\\EODS\\Master\\vendor\\laravel\\framework\\src\\Illuminate\\Database\\Connection.php(783): Illuminate\\Database\\Connection->runQueryCallback('select `roles`....', Array, Object(Closure))
#1 C:\\XAMPP\\htdocs\\EODS\\Master\\vendor\\laravel\\framework\\src\\Illuminate\\Database\\Connection.php(414): Illuminate\\Database\\Connection->run('select `roles`....', Array, Object(Closure))
#2 C:\\XAMPP\\htdocs\\EODS\\Master\\vendor\\laravel\\framework\\src\\Illuminate\\Database\\Query\\Builder.php(2797): Illuminate\\Database\\Connection->select('select `roles`....', Array, true)
#3 C:\\XAMPP\\htdocs\\EODS\\Master\\vendor\\laravel\\framework\\src\\Illuminate\\Database\\Query\\Builder.php(2786): Illuminate\\Database\\Query\\Builder->runSelect()
#4 C:\\XAMPP\\htdocs\\EODS\\Master\\vendor\\laravel\\framework\\src\\Illuminate\\Database\\Query\\Builder.php(3340): Illuminate\\Database\\Query\\Builder->Illuminate\\Database\\Query\\{closure}()
#5 C:\\XAMPP\\htdocs\\EODS\\Master\\vendor\\laravel\\framework\\src\\Illuminate\\Database\\Query\\Builder.php(2785): Illuminate\\Database\\Query\\Builder->onceWithColumns(Array, Object(Closure))
#6 C:\\XAMPP\\htdocs\\EODS\\Master\\vendor\\laravel\\framework\\src\\Illuminate\\Database\\Eloquent\\Builder.php(738): Illuminate\\Database\\Query\\Builder->get(Array)
#7 C:\\XAMPP\\htdocs\\EODS\\Master\\vendor\\laravel\\framework\\src\\Illuminate\\Database\\Eloquent\\Relations\\BelongsToMany.php(874): Illuminate\\Database\\Eloquent\\Builder->getModels()
#8 C:\\XAMPP\\htdocs\\EODS\\Master\\vendor\\santigarcor\\laratrust\\src\\Checkers\\User\\UserDefaultChecker.php(156): Illuminate\\Database\\Eloquent\\Relations\\BelongsToMany->get()
#9 C:\\XAMPP\\htdocs\\EODS\\Master\\vendor\\santigarcor\\laratrust\\src\\Checkers\\User\\UserDefaultChecker.php(80): Laratrust\\Checkers\\User\\UserDefaultChecker->userCachedRoles()
#10 C:\\XAMPP\\htdocs\\EODS\\Master\\vendor\\santigarcor\\laratrust\\src\\Checkers\\User\\UserDefaultChecker.php(63): Laratrust\\Checkers\\User\\UserDefaultChecker->currentUserHasRole('admin', NULL)
#11 C:\\XAMPP\\htdocs\\EODS\\Master\\vendor\\santigarcor\\laratrust\\src\\Traits\\HasRolesAndPermissions.php(176): Laratrust\\Checkers\\User\\UserDefaultChecker->currentUserHasRole(Array, NULL, false)
#12 C:\\XAMPP\\htdocs\\EODS\\Master\\vendor\\santigarcor\\laratrust\\src\\Laratrust.php(33): App\\Models\\User->hasRole(Array, NULL, false)
#13 C:\\XAMPP\\htdocs\\EODS\\Master\\vendor\\laravel\\framework\\src\\Illuminate\\Support\\Facades\\Facade.php(355): Laratrust\\Laratrust->hasRole(Array)
#14 C:\\XAMPP\\htdocs\\EODS\\Master\\app\\Http\\Controllers\\AdminController.php(30): Illuminate\\Support\\Facades\\Facade::__callStatic('hasRole', Array)
#15 C:\\XAMPP\\htdocs\\EODS\\Master\\vendor\\laravel\\framework\\src\\Illuminate\\Routing\\Controller.php(54): App\\Http\\Controllers\\AdminController->index()
#16 C:\\XAMPP\\htdocs\\EODS\\Master\\vendor\\laravel\\framework\\src\\Illuminate\\Routing\\ControllerDispatcher.php(43): Illuminate\\Routing\\Controller->callAction('index', Array)
#17 C:\\XAMPP\\htdocs\\EODS\\Master\\vendor\\laravel\\framework\\src\\Illuminate\\Routing\\Route.php(259): Illuminate\\Routing\\ControllerDispatcher->dispatch(Object(Illuminate\\Routing\\Route), Object(App\\Http\\Controllers\\AdminController), 'index')
#18 C:\\XAMPP\\htdocs\\EODS\\Master\\vendor\\laravel\\framework\\src\\Illuminate\\Routing\\Route.php(205): Illuminate\\Routing\\Route->runController()
#19 C:\\XAMPP\\htdocs\\EODS\\Master\\vendor\\laravel\\framework\\src\\Illuminate\\Routing\\Router.php(806): Illuminate\\Routing\\Route->run()
#20 C:\\XAMPP\\htdocs\\EODS\\Master\\vendor\\laravel\\framework\\src\\Illuminate\\Pipeline\\Pipeline.php(144): Illuminate\\Routing\\Router->Illuminate\\Routing\\{closure}(Object(Illuminate\\Http\\Request))
#21 C:\\XAMPP\\htdocs\\EODS\\Master\\vendor\\laravel\\framework\\src\\Illuminate\\Routing\\Middleware\\SubstituteBindings.php(50): Illuminate\\Pipeline\\Pipeline->Illuminate\\Pipeline\\{closure}(Object(Illuminate\\Http\\Request))
#22 C:\\XAMPP\\htdocs\\EODS\\Master\\vendor\\laravel\\framework\\src\\Illuminate\\Pipeline\\Pipeline.php(183): Illuminate\\Routing\\Middleware\\SubstituteBindings->handle(Object(Illuminate\\Http\\Request), Object(Closure))
#23 C:\\XAMPP\\htdocs\\EODS\\Master\\vendor\\laravel\\framework\\src\\Illuminate\\Auth\\Middleware\\Authenticate.php(57): Illuminate\\Pipeline\\Pipeline->Illuminate\\Pipeline\\{closure}(Object(Illuminate\\Http\\Request))
#24 C:\\XAMPP\\htdocs\\EODS\\Master\\vendor\\laravel\\framework\\src\\Illuminate\\Pipeline\\Pipeline.php(183): Illuminate\\Auth\\Middleware\\Authenticate->handle(Object(Illuminate\\Http\\Request), Object(Closure))
#25 C:\\XAMPP\\htdocs\\EODS\\Master\\vendor\\laravel\\framework\\src\\Illuminate\\Foundation\\Http\\Middleware\\VerifyCsrfToken.php(78): Illuminate\\Pipeline\\Pipeline->Illuminate\\Pipeline\\{closure}(Object(Illuminate\\Http\\Request))
#26 C:\\XAMPP\\htdocs\\EODS\\Master\\vendor\\laravel\\framework\\src\\Illuminate\\Pipeline\\Pipeline.php(183): Illuminate\\Foundation\\Http\\Middleware\\VerifyCsrfToken->handle(Object(Illuminate\\Http\\Request), Object(Closure))
#27 C:\\XAMPP\\htdocs\\EODS\\Master\\vendor\\laravel\\framework\\src\\Illuminate\\View\\Middleware\\ShareErrorsFromSession.php(49): Illuminate\\Pipeline\\Pipeline->Illuminate\\Pipeline\\{closure}(Object(Illuminate\\Http\\Request))
#28 C:\\XAMPP\\htdocs\\EODS\\Master\\vendor\\laravel\\framework\\src\\Illuminate\\Pipeline\\Pipeline.php(183): Illuminate\\View\\Middleware\\ShareErrorsFromSession->handle(Object(Illuminate\\Http\\Request), Object(Closure))
#29 C:\\XAMPP\\htdocs\\EODS\\Master\\vendor\\laravel\\framework\\src\\Illuminate\\Session\\Middleware\\StartSession.php(121): Illuminate\\Pipeline\\Pipeline->Illuminate\\Pipeline\\{closure}(Object(Illuminate\\Http\\Request))
#30 C:\\XAMPP\\htdocs\\EODS\\Master\\vendor\\laravel\\framework\\src\\Illuminate\\Session\\Middleware\\StartSession.php(64): Illuminate\\Session\\Middleware\\StartSession->handleStatefulRequest(Object(Illuminate\\Http\\Request), Object(Illuminate\\Session\\Store), Object(Closure))
#31 C:\\XAMPP\\htdocs\\EODS\\Master\\vendor\\laravel\\framework\\src\\Illuminate\\Pipeline\\Pipeline.php(183): Illuminate\\Session\\Middleware\\StartSession->handle(Object(Illuminate\\Http\\Request), Object(Closure))
#32 C:\\XAMPP\\htdocs\\EODS\\Master\\vendor\\laravel\\framework\\src\\Illuminate\\Cookie\\Middleware\\AddQueuedCookiesToResponse.php(37): Illuminate\\Pipeline\\Pipeline->Illuminate\\Pipeline\\{closure}(Object(Illuminate\\Http\\Request))
#33 C:\\XAMPP\\htdocs\\EODS\\Master\\vendor\\laravel\\framework\\src\\Illuminate\\Pipeline\\Pipeline.php(183): Illuminate\\Cookie\\Middleware\\AddQueuedCookiesToResponse->handle(Object(Illuminate\\Http\\Request), Object(Closure))
#34 C:\\XAMPP\\htdocs\\EODS\\Master\\vendor\\laravel\\framework\\src\\Illuminate\\Cookie\\Middleware\\EncryptCookies.php(67): Illuminate\\Pipeline\\Pipeline->Illuminate\\Pipeline\\{closure}(Object(Illuminate\\Http\\Request))
#35 C:\\XAMPP\\htdocs\\EODS\\Master\\vendor\\laravel\\framework\\src\\Illuminate\\Pipeline\\Pipeline.php(183): Illuminate\\Cookie\\Middleware\\EncryptCookies->handle(Object(Illuminate\\Http\\Request), Object(Closure))
#36 C:\\XAMPP\\htdocs\\EODS\\Master\\vendor\\laravel\\framework\\src\\Illuminate\\Pipeline\\Pipeline.php(119): Illuminate\\Pipeline\\Pipeline->Illuminate\\Pipeline\\{closure}(Object(Illuminate\\Http\\Request))
#37 C:\\XAMPP\\htdocs\\EODS\\Master\\vendor\\laravel\\framework\\src\\Illuminate\\Routing\\Router.php(805): Illuminate\\Pipeline\\Pipeline->then(Object(Closure))
#38 C:\\XAMPP\\htdocs\\EODS\\Master\\vendor\\laravel\\framework\\src\\Illuminate\\Routing\\Router.php(784): Illuminate\\Routing\\Router->runRouteWithinStack(Object(Illuminate\\Routing\\Route), Object(Illuminate\\Http\\Request))
#39 C:\\XAMPP\\htdocs\\EODS\\Master\\vendor\\laravel\\framework\\src\\Illuminate\\Routing\\Router.php(748): Illuminate\\Routing\\Router->runRoute(Object(Illuminate\\Http\\Request), Object(Illuminate\\Routing\\Route))
#40 C:\\XAMPP\\htdocs\\EODS\\Master\\vendor\\laravel\\framework\\src\\Illuminate\\Routing\\Router.php(737): Illuminate\\Routing\\Router->dispatchToRoute(Object(Illuminate\\Http\\Request))
#41 C:\\XAMPP\\htdocs\\EODS\\Master\\vendor\\laravel\\framework\\src\\Illuminate\\Foundation\\Http\\Kernel.php(200): Illuminate\\Routing\\Router->dispatch(Object(Illuminate\\Http\\Request))
#42 C:\\XAMPP\\htdocs\\EODS\\Master\\vendor\\laravel\\framework\\src\\Illuminate\\Pipeline\\Pipeline.php(144): Illuminate\\Foundation\\Http\\Kernel->Illuminate\\Foundation\\Http\\{closure}(Object(Illuminate\\Http\\Request))
#43 C:\\XAMPP\\htdocs\\EODS\\Master\\vendor\\laravel\\framework\\src\\Illuminate\\Foundation\\Http\\Middleware\\TransformsRequest.php(21): Illuminate\\Pipeline\\Pipeline->Illuminate\\Pipeline\\{closure}(Object(Illuminate\\Http\\Request))
#44 C:\\XAMPP\\htdocs\\EODS\\Master\\vendor\\laravel\\framework\\src\\Illuminate\\Foundation\\Http\\Middleware\\ConvertEmptyStringsToNull.php(31): Illuminate\\Foundation\\Http\\Middleware\\TransformsRequest->handle(Object(Illuminate\\Http\\Request), Object(Closure))
#45 C:\\XAMPP\\htdocs\\EODS\\Master\\vendor\\laravel\\framework\\src\\Illuminate\\Pipeline\\Pipeline.php(183): Illuminate\\Foundation\\Http\\Middleware\\ConvertEmptyStringsToNull->handle(Object(Illuminate\\Http\\Request), Object(Closure))
#46 C:\\XAMPP\\htdocs\\EODS\\Master\\vendor\\laravel\\framework\\src\\Illuminate\\Foundation\\Http\\Middleware\\TransformsRequest.php(21): Illuminate\\Pipeline\\Pipeline->Illuminate\\Pipeline\\{closure}(Object(Illuminate\\Http\\Request))
#47 C:\\XAMPP\\htdocs\\EODS\\Master\\vendor\\laravel\\framework\\src\\Illuminate\\Foundation\\Http\\Middleware\\TrimStrings.php(40): Illuminate\\Foundation\\Http\\Middleware\\TransformsRequest->handle(Object(Illuminate\\Http\\Request), Object(Closure))
#48 C:\\XAMPP\\htdocs\\EODS\\Master\\vendor\\laravel\\framework\\src\\Illuminate\\Pipeline\\Pipeline.php(183): Illuminate\\Foundation\\Http\\Middleware\\TrimStrings->handle(Object(Illuminate\\Http\\Request), Object(Closure))
#49 C:\\XAMPP\\htdocs\\EODS\\Master\\vendor\\laravel\\framework\\src\\Illuminate\\Foundation\\Http\\Middleware\\ValidatePostSize.php(27): Illuminate\\Pipeline\\Pipeline->Illuminate\\Pipeline\\{closure}(Object(Illuminate\\Http\\Request))
#50 C:\\XAMPP\\htdocs\\EODS\\Master\\vendor\\laravel\\framework\\src\\Illuminate\\Pipeline\\Pipeline.php(183): Illuminate\\Foundation\\Http\\Middleware\\ValidatePostSize->handle(Object(Illuminate\\Http\\Request), Object(Closure))
#51 C:\\XAMPP\\htdocs\\EODS\\Master\\vendor\\laravel\\framework\\src\\Illuminate\\Foundation\\Http\\Middleware\\PreventRequestsDuringMaintenance.php(99): Illuminate\\Pipeline\\Pipeline->Illuminate\\Pipeline\\{closure}(Object(Illuminate\\Http\\Request))
#52 C:\\XAMPP\\htdocs\\EODS\\Master\\vendor\\laravel\\framework\\src\\Illuminate\\Pipeline\\Pipeline.php(183): Illuminate\\Foundation\\Http\\Middleware\\PreventRequestsDuringMaintenance->handle(Object(Illuminate\\Http\\Request), Object(Closure))
#53 C:\\XAMPP\\htdocs\\EODS\\Master\\vendor\\laravel\\framework\\src\\Illuminate\\Http\\Middleware\\HandleCors.php(49): Illuminate\\Pipeline\\Pipeline->Illuminate\\Pipeline\\{closure}(Object(Illuminate\\Http\\Request))
#54 C:\\XAMPP\\htdocs\\EODS\\Master\\vendor\\laravel\\framework\\src\\Illuminate\\Pipeline\\Pipeline.php(183): Illuminate\\Http\\Middleware\\HandleCors->handle(Object(Illuminate\\Http\\Request), Object(Closure))
#55 C:\\XAMPP\\htdocs\\EODS\\Master\\vendor\\laravel\\framework\\src\\Illuminate\\Http\\Middleware\\TrustProxies.php(39): Illuminate\\Pipeline\\Pipeline->Illuminate\\Pipeline\\{closure}(Object(Illuminate\\Http\\Request))
#56 C:\\XAMPP\\htdocs\\EODS\\Master\\vendor\\laravel\\framework\\src\\Illuminate\\Pipeline\\Pipeline.php(183): Illuminate\\Http\\Middleware\\TrustProxies->handle(Object(Illuminate\\Http\\Request), Object(Closure))
#57 C:\\XAMPP\\htdocs\\EODS\\Master\\vendor\\laravel\\framework\\src\\Illuminate\\Pipeline\\Pipeline.php(119): Illuminate\\Pipeline\\Pipeline->Illuminate\\Pipeline\\{closure}(Object(Illuminate\\Http\\Request))
#58 C:\\XAMPP\\htdocs\\EODS\\Master\\vendor\\laravel\\framework\\src\\Illuminate\\Foundation\\Http\\Kernel.php(175): Illuminate\\Pipeline\\Pipeline->then(Object(Closure))
#59 C:\\XAMPP\\htdocs\\EODS\\Master\\vendor\\laravel\\framework\\src\\Illuminate\\Foundation\\Http\\Kernel.php(144): Illuminate\\Foundation\\Http\\Kernel->sendRequestThroughRouter(Object(Illuminate\\Http\\Request))
#60 C:\\XAMPP\\htdocs\\EODS\\Master\\public\\index.php(51): Illuminate\\Foundation\\Http\\Kernel->handle(Object(Illuminate\\Http\\Request))
#61 C:\\XAMPP\\htdocs\\EODS\\Master\\vendor\\laravel\\framework\\src\\Illuminate\\Foundation\\resources\\server.php(16): require_once('C:\\\\XAMPP\\\\htdocs...')
#62 {main}

[previous exception] [object] (PDOException(code: 42S22): SQLSTATE[42S22]: Column not found: 1054 Unknown column 'role_user.user_type' in 'SELECT' at C:\\XAMPP\\htdocs\\EODS\\Master\\vendor\\laravel\\framework\\src\\Illuminate\\Database\\Connection.php:423)
[stacktrace]
#0 C:\\XAMPP\\htdocs\\EODS\\Master\\vendor\\laravel\\framework\\src\\Illuminate\\Database\\Connection.php(423): PDO->prepare('select `roles`....')
#1 C:\\XAMPP\\htdocs\\EODS\\Master\\vendor\\laravel\\framework\\src\\Illuminate\\Database\\Connection.php(816): Illuminate\\Database\\Connection->Illuminate\\Database\\{closure}('select `roles`....', Array)
#2 C:\\XAMPP\\htdocs\\EODS\\Master\\vendor\\laravel\\framework\\src\\Illuminate\\Database\\Connection.php(783): Illuminate\\Database\\Connection->runQueryCallback('select `roles`....', Array, Object(Closure))
#3 C:\\XAMPP\\htdocs\\EODS\\Master\\vendor\\laravel\\framework\\src\\Illuminate\\Database\\Connection.php(414): Illuminate\\Database\\Connection->run('select `roles`....', Array, Object(Closure))
#4 C:\\XAMPP\\htdocs\\EODS\\Master\\vendor\\laravel\\framework\\src\\Illuminate\\Database\\Query\\Builder.php(2797): Illuminate\\Database\\Connection->select('select `roles`....', Array, true)
#5 C:\\XAMPP\\htdocs\\EODS\\Master\\vendor\\laravel\\framework\\src\\Illuminate\\Database\\Query\\Builder.php(2786): Illuminate\\Database\\Query\\Builder->runSelect()
#6 C:\\XAMPP\\htdocs\\EODS\\Master\\vendor\\laravel\\framework\\src\\Illuminate\\Database\\Query\\Builder.php(3340): Illuminate\\Database\\Query\\Builder->Illuminate\\Database\\Query\\{closure}()
#7 C:\\XAMPP\\htdocs\\EODS\\Master\\vendor\\laravel\\framework\\src\\Illuminate\\Database\\Query\\Builder.php(2785): Illuminate\\Database\\Query\\Builder->onceWithColumns(Array, Object(Closure))
#8 C:\\XAMPP\\htdocs\\EODS\\Master\\vendor\\laravel\\framework\\src\\Illuminate\\Database\\Eloquent\\Builder.php(738): Illuminate\\Database\\Query\\Builder->get(Array)
#9 C:\\XAMPP\\htdocs\\EODS\\Master\\vendor\\laravel\\framework\\src\\Illuminate\\Database\\Eloquent\\Relations\\BelongsToMany.php(874): Illuminate\\Database\\Eloquent\\Builder->getModels()
#10 C:\\XAMPP\\htdocs\\EODS\\Master\\vendor\\santigarcor\\laratrust\\src\\Checkers\\User\\UserDefaultChecker.php(156): Illuminate\\Database\\Eloquent\\Relations\\BelongsToMany->get()
#11 C:\\XAMPP\\htdocs\\EODS\\Master\\vendor\\santigarcor\\laratrust\\src\\Checkers\\User\\UserDefaultChecker.php(80): Laratrust\\Checkers\\User\\UserDefaultChecker->userCachedRoles()
#12 C:\\XAMPP\\htdocs\\EODS\\Master\\vendor\\santigarcor\\laratrust\\src\\Checkers\\User\\UserDefaultChecker.php(63): Laratrust\\Checkers\\User\\UserDefaultChecker->currentUserHasRole('admin', NULL)
#13 C:\\XAMPP\\htdocs\\EODS\\Master\\vendor\\santigarcor\\laratrust\\src\\Traits\\HasRolesAndPermissions.php(176): Laratrust\\Checkers\\User\\UserDefaultChecker->currentUserHasRole(Array, NULL, false)
#14 C:\\XAMPP\\htdocs\\EODS\\Master\\vendor\\santigarcor\\laratrust\\src\\Laratrust.php(33): App\\Models\\User->hasRole(Array, NULL, false)
#15 C:\\XAMPP\\htdocs\\EODS\\Master\\vendor\\laravel\\framework\\src\\Illuminate\\Support\\Facades\\Facade.php(355): Laratrust\\Laratrust->hasRole(Array)
#16 C:\\XAMPP\\htdocs\\EODS\\Master\\app\\Http\\Controllers\\AdminController.php(30): Illuminate\\Support\\Facades\\Facade::__callStatic('hasRole', Array)
#17 C:\\XAMPP\\htdocs\\EODS\\Master\\vendor\\laravel\\framework\\src\\Illuminate\\Routing\\Controller.php(54): App\\Http\\Controllers\\AdminController->index()
#18 C:\\XAMPP\\htdocs\\EODS\\Master\\vendor\\laravel\\framework\\src\\Illuminate\\Routing\\ControllerDispatcher.php(43): Illuminate\\Routing\\Controller->callAction('index', Array)
#19 C:\\XAMPP\\htdocs\\EODS\\Master\\vendor\\laravel\\framework\\src\\Illuminate\\Routing\\Route.php(259): Illuminate\\Routing\\ControllerDispatcher->dispatch(Object(Illuminate\\Routing\\Route), Object(App\\Http\\Controllers\\AdminController), 'index')
#20 C:\\XAMPP\\htdocs\\EODS\\Master\\vendor\\laravel\\framework\\src\\Illuminate\\Routing\\Route.php(205): Illuminate\\Routing\\Route->runController()
#21 C:\\XAMPP\\htdocs\\EODS\\Master\\vendor\\laravel\\framework\\src\\Illuminate\\Routing\\Router.php(806): Illuminate\\Routing\\Route->run()
#22 C:\\XAMPP\\htdocs\\EODS\\Master\\vendor\\laravel\\framework\\src\\Illuminate\\Pipeline\\Pipeline.php(144): Illuminate\\Routing\\Router->Illuminate\\Routing\\{closure}(Object(Illuminate\\Http\\Request))
#23 C:\\XAMPP\\htdocs\\EODS\\Master\\vendor\\laravel\\framework\\src\\Illuminate\\Routing\\Middleware\\SubstituteBindings.php(50): Illuminate\\Pipeline\\Pipeline->Illuminate\\Pipeline\\{closure}(Object(Illuminate\\Http\\Request))
#24 C:\\XAMPP\\htdocs\\EODS\\Master\\vendor\\laravel\\framework\\src\\Illuminate\\Pipeline\\Pipeline.php(183): Illuminate\\Routing\\Middleware\\SubstituteBindings->handle(Object(Illuminate\\Http\\Request), Object(Closure))
#25 C:\\XAMPP\\htdocs\\EODS\\Master\\vendor\\laravel\\framework\\src\\Illuminate\\Auth\\Middleware\\Authenticate.php(57): Illuminate\\Pipeline\\Pipeline->Illuminate\\Pipeline\\{closure}(Object(Illuminate\\Http\\Request))
#26 C:\\XAMPP\\htdocs\\EODS\\Master\\vendor\\laravel\\framework\\src\\Illuminate\\Pipeline\\Pipeline.php(183): Illuminate\\Auth\\Middleware\\Authenticate->handle(Object(Illuminate\\Http\\Request), Object(Closure))
#27 C:\\XAMPP\\htdocs\\EODS\\Master\\vendor\\laravel\\framework\\src\\Illuminate\\Foundation\\Http\\Middleware\\VerifyCsrfToken.php(78): Illuminate\\Pipeline\\Pipeline->Illuminate\\Pipeline\\{closure}(Object(Illuminate\\Http\\Request))
#28 C:\\XAMPP\\htdocs\\EODS\\Master\\vendor\\laravel\\framework\\src\\Illuminate\\Pipeline\\Pipeline.php(183): Illuminate\\Foundation\\Http\\Middleware\\VerifyCsrfToken->handle(Object(Illuminate\\Http\\Request), Object(Closure))
#29 C:\\XAMPP\\htdocs\\EODS\\Master\\vendor\\laravel\\framework\\src\\Illuminate\\View\\Middleware\\ShareErrorsFromSession.php(49): Illuminate\\Pipeline\\Pipeline->Illuminate\\Pipeline\\{closure}(Object(Illuminate\\Http\\Request))
#30 C:\\XAMPP\\htdocs\\EODS\\Master\\vendor\\laravel\\framework\\src\\Illuminate\\Pipeline\\Pipeline.php(183): Illuminate\\View\\Middleware\\ShareErrorsFromSession->handle(Object(Illuminate\\Http\\Request), Object(Closure))
#31 C:\\XAMPP\\htdocs\\EODS\\Master\\vendor\\laravel\\framework\\src\\Illuminate\\Session\\Middleware\\StartSession.php(121): Illuminate\\Pipeline\\Pipeline->Illuminate\\Pipeline\\{closure}(Object(Illuminate\\Http\\Request))
#32 C:\\XAMPP\\htdocs\\EODS\\Master\\vendor\\laravel\\framework\\src\\Illuminate\\Session\\Middleware\\StartSession.php(64): Illuminate\\Session\\Middleware\\StartSession->handleStatefulRequest(Object(Illuminate\\Http\\Request), Object(Illuminate\\Session\\Store), Object(Closure))
#33 C:\\XAMPP\\htdocs\\EODS\\Master\\vendor\\laravel\\framework\\src\\Illuminate\\Pipeline\\Pipeline.php(183): Illuminate\\Session\\Middleware\\StartSession->handle(Object(Illuminate\\Http\\Request), Object(Closure))
#34 C:\\XAMPP\\htdocs\\EODS\\Master\\vendor\\laravel\\framework\\src\\Illuminate\\Cookie\\Middleware\\AddQueuedCookiesToResponse.php(37): Illuminate\\Pipeline\\Pipeline->Illuminate\\Pipeline\\{closure}(Object(Illuminate\\Http\\Request))
#35 C:\\XAMPP\\htdocs\\EODS\\Master\\vendor\\laravel\\framework\\src\\Illuminate\\Pipeline\\Pipeline.php(183): Illuminate\\Cookie\\Middleware\\AddQueuedCookiesToResponse->handle(Object(Illuminate\\Http\\Request), Object(Closure))
#36 C:\\XAMPP\\htdocs\\EODS\\Master\\vendor\\laravel\\framework\\src\\Illuminate\\Cookie\\Middleware\\EncryptCookies.php(67): Illuminate\\Pipeline\\Pipeline->Illuminate\\Pipeline\\{closure}(Object(Illuminate\\Http\\Request))
#37 C:\\XAMPP\\htdocs\\EODS\\Master\\vendor\\laravel\\framework\\src\\Illuminate\\Pipeline\\Pipeline.php(183): Illuminate\\Cookie\\Middleware\\EncryptCookies->handle(Object(Illuminate\\Http\\Request), Object(Closure))
#38 C:\\XAMPP\\htdocs\\EODS\\Master\\vendor\\laravel\\framework\\src\\Illuminate\\Pipeline\\Pipeline.php(119): Illuminate\\Pipeline\\Pipeline->Illuminate\\Pipeline\\{closure}(Object(Illuminate\\Http\\Request))
#39 C:\\XAMPP\\htdocs\\EODS\\Master\\vendor\\laravel\\framework\\src\\Illuminate\\Routing\\Router.php(805): Illuminate\\Pipeline\\Pipeline->then(Object(Closure))
#40 C:\\XAMPP\\htdocs\\EODS\\Master\\vendor\\laravel\\framework\\src\\Illuminate\\Routing\\Router.php(784): Illuminate\\Routing\\Router->runRouteWithinStack(Object(Illuminate\\Routing\\Route), Object(Illuminate\\Http\\Request))
#41 C:\\XAMPP\\htdocs\\EODS\\Master\\vendor\\laravel\\framework\\src\\Illuminate\\Routing\\Router.php(748): Illuminate\\Routing\\Router->runRoute(Object(Illuminate\\Http\\Request), Object(Illuminate\\Routing\\Route))
#42 C:\\XAMPP\\htdocs\\EODS\\Master\\vendor\\laravel\\framework\\src\\Illuminate\\Routing\\Router.php(737): Illuminate\\Routing\\Router->dispatchToRoute(Object(Illuminate\\Http\\Request))
#43 C:\\XAMPP\\htdocs\\EODS\\Master\\vendor\\laravel\\framework\\src\\Illuminate\\Foundation\\Http\\Kernel.php(200): Illuminate\\Routing\\Router->dispatch(Object(Illuminate\\Http\\Request))
#44 C:\\XAMPP\\htdocs\\EODS\\Master\\vendor\\laravel\\framework\\src\\Illuminate\\Pipeline\\Pipeline.php(144): Illuminate\\Foundation\\Http\\Kernel->Illuminate\\Foundation\\Http\\{closure}(Object(Illuminate\\Http\\Request))
#45 C:\\XAMPP\\htdocs\\EODS\\Master\\vendor\\laravel\\framework\\src\\Illuminate\\Foundation\\Http\\Middleware\\TransformsRequest.php(21): Illuminate\\Pipeline\\Pipeline->Illuminate\\Pipeline\\{closure}(Object(Illuminate\\Http\\Request))
#46 C:\\XAMPP\\htdocs\\EODS\\Master\\vendor\\laravel\\framework\\src\\Illuminate\\Foundation\\Http\\Middleware\\ConvertEmptyStringsToNull.php(31): Illuminate\\Foundation\\Http\\Middleware\\TransformsRequest->handle(Object(Illuminate\\Http\\Request), Object(Closure))
#47 C:\\XAMPP\\htdocs\\EODS\\Master\\vendor\\laravel\\framework\\src\\Illuminate\\Pipeline\\Pipeline.php(183): Illuminate\\Foundation\\Http\\Middleware\\ConvertEmptyStringsToNull->handle(Object(Illuminate\\Http\\Request), Object(Closure))
#48 C:\\XAMPP\\htdocs\\EODS\\Master\\vendor\\laravel\\framework\\src\\Illuminate\\Foundation\\Http\\Middleware\\TransformsRequest.php(21): Illuminate\\Pipeline\\Pipeline->Illuminate\\Pipeline\\{closure}(Object(Illuminate\\Http\\Request))
#49 C:\\XAMPP\\htdocs\\EODS\\Master\\vendor\\laravel\\framework\\src\\Illuminate\\Foundation\\Http\\Middleware\\TrimStrings.php(40): Illuminate\\Foundation\\Http\\Middleware\\TransformsRequest->handle(Object(Illuminate\\Http\\Request), Object(Closure))
#50 C:\\XAMPP\\htdocs\\EODS\\Master\\vendor\\laravel\\framework\\src\\Illuminate\\Pipeline\\Pipeline.php(183): Illuminate\\Foundation\\Http\\Middleware\\TrimStrings->handle(Object(Illuminate\\Http\\Request), Object(Closure))
#51 C:\\XAMPP\\htdocs\\EODS\\Master\\vendor\\laravel\\framework\\src\\Illuminate\\Foundation\\Http\\Middleware\\ValidatePostSize.php(27): Illuminate\\Pipeline\\Pipeline->Illuminate\\Pipeline\\{closure}(Object(Illuminate\\Http\\Request))
#52 C:\\XAMPP\\htdocs\\EODS\\Master\\vendor\\laravel\\framework\\src\\Illuminate\\Pipeline\\Pipeline.php(183): Illuminate\\Foundation\\Http\\Middleware\\ValidatePostSize->handle(Object(Illuminate\\Http\\Request), Object(Closure))
#53 C:\\XAMPP\\htdocs\\EODS\\Master\\vendor\\laravel\\framework\\src\\Illuminate\\Foundation\\Http\\Middleware\\PreventRequestsDuringMaintenance.php(99): Illuminate\\Pipeline\\Pipeline->Illuminate\\Pipeline\\{closure}(Object(Illuminate\\Http\\Request))
#54 C:\\XAMPP\\htdocs\\EODS\\Master\\vendor\\laravel\\framework\\src\\Illuminate\\Pipeline\\Pipeline.php(183): Illuminate\\Foundation\\Http\\Middleware\\PreventRequestsDuringMaintenance->handle(Object(Illuminate\\Http\\Request), Object(Closure))
#55 C:\\XAMPP\\htdocs\\EODS\\Master\\vendor\\laravel\\framework\\src\\Illuminate\\Http\\Middleware\\HandleCors.php(49): Illuminate\\Pipeline\\Pipeline->Illuminate\\Pipeline\\{closure}(Object(Illuminate\\Http\\Request))
#56 C:\\XAMPP\\htdocs\\EODS\\Master\\vendor\\laravel\\framework\\src\\Illuminate\\Pipeline\\Pipeline.php(183): Illuminate\\Http\\Middleware\\HandleCors->handle(Object(Illuminate\\Http\\Request), Object(Closure))
#57 C:\\XAMPP\\htdocs\\EODS\\Master\\vendor\\laravel\\framework\\src\\Illuminate\\Http\\Middleware\\TrustProxies.php(39): Illuminate\\Pipeline\\Pipeline->Illuminate\\Pipeline\\{closure}(Object(Illuminate\\Http\\Request))
#58 C:\\XAMPP\\htdocs\\EODS\\Master\\vendor\\laravel\\framework\\src\\Illuminate\\Pipeline\\Pipeline.php(183): Illuminate\\Http\\Middleware\\TrustProxies->handle(Object(Illuminate\\Http\\Request), Object(Closure))
#59 C:\\XAMPP\\htdocs\\EODS\\Master\\vendor\\laravel\\framework\\src\\Illuminate\\Pipeline\\Pipeline.php(119): Illuminate\\Pipeline\\Pipeline->Illuminate\\Pipeline\\{closure}(Object(Illuminate\\Http\\Request))
#60 C:\\XAMPP\\htdocs\\EODS\\Master\\vendor\\laravel\\framework\\src\\Illuminate\\Foundation\\Http\\Kernel.php(175): Illuminate\\Pipeline\\Pipeline->then(Object(Closure))
#61 C:\\XAMPP\\htdocs\\EODS\\Master\\vendor\\laravel\\framework\\src\\Illuminate\\Foundation\\Http\\Kernel.php(144): Illuminate\\Foundation\\Http\\Kernel->sendRequestThroughRouter(Object(Illuminate\\Http\\Request))
#62 C:\\XAMPP\\htdocs\\EODS\\Master\\public\\index.php(51): Illuminate\\Foundation\\Http\\Kernel->handle(Object(Illuminate\\Http\\Request))
#63 C:\\XAMPP\\htdocs\\EODS\\Master\\vendor\\laravel\\framework\\src\\Illuminate\\Foundation\\resources\\server.php(16): require_once('C:\\\\XAMPP\\\\htdocs...')
#64 {main}
"} 
[2026-05-13 09:06:36] local.ERROR: SQLSTATE[42S22]: Column not found: 1054 Unknown column 'role_user.user_type' in 'SELECT' (Connection: mysql, SQL: select `roles`.*, `role_user`.`user_id` as `pivot_user_id`, `role_user`.`role_id` as `pivot_role_id`, `role_user`.`user_type` as `pivot_user_type` from `roles` inner join `role_user` on `roles`.`id` = `role_user`.`role_id` where `role_user`.`user_id` = 37 and `role_user`.`user_type` = App\Models\User) {"userId":37,"exception":"[object] (Illuminate\\Database\\QueryException(code: 42S22): SQLSTATE[42S22]: Column not found: 1054 Unknown column 'role_user.user_type' in 'SELECT' (Connection: mysql, SQL: select `roles`.*, `role_user`.`user_id` as `pivot_user_id`, `role_user`.`role_id` as `pivot_role_id`, `role_user`.`user_type` as `pivot_user_type` from `roles` inner join `role_user` on `roles`.`id` = `role_user`.`role_id` where `role_user`.`user_id` = 37 and `role_user`.`user_type` = App\\Models\\User) at C:\\XAMPP\\htdocs\\EODS\\Master\\vendor\\laravel\\framework\\src\\Illuminate\\Database\\Connection.php:829)
[stacktrace]
#0 C:\\XAMPP\\htdocs\\EODS\\Master\\vendor\\laravel\\framework\\src\\Illuminate\\Database\\Connection.php(783): Illuminate\\Database\\Connection->runQueryCallback('select `roles`....', Array, Object(Closure))
#1 C:\\XAMPP\\htdocs\\EODS\\Master\\vendor\\laravel\\framework\\src\\Illuminate\\Database\\Connection.php(414): Illuminate\\Database\\Connection->run('select `roles`....', Array, Object(Closure))
#2 C:\\XAMPP\\htdocs\\EODS\\Master\\vendor\\laravel\\framework\\src\\Illuminate\\Database\\Query\\Builder.php(2797): Illuminate\\Database\\Connection->select('select `roles`....', Array, true)
#3 C:\\XAMPP\\htdocs\\EODS\\Master\\vendor\\laravel\\framework\\src\\Illuminate\\Database\\Query\\Builder.php(2786): Illuminate\\Database\\Query\\Builder->runSelect()
#4 C:\\XAMPP\\htdocs\\EODS\\Master\\vendor\\laravel\\framework\\src\\Illuminate\\Database\\Query\\Builder.php(3340): Illuminate\\Database\\Query\\Builder->Illuminate\\Database\\Query\\{closure}()
#5 C:\\XAMPP\\htdocs\\EODS\\Master\\vendor\\laravel\\framework\\src\\Illuminate\\Database\\Query\\Builder.php(2785): Illuminate\\Database\\Query\\Builder->onceWithColumns(Array, Object(Closure))
#6 C:\\XAMPP\\htdocs\\EODS\\Master\\vendor\\laravel\\framework\\src\\Illuminate\\Database\\Eloquent\\Builder.php(738): Illuminate\\Database\\Query\\Builder->get(Array)
#7 C:\\XAMPP\\htdocs\\EODS\\Master\\vendor\\laravel\\framework\\src\\Illuminate\\Database\\Eloquent\\Relations\\BelongsToMany.php(874): Illuminate\\Database\\Eloquent\\Builder->getModels()
#8 C:\\XAMPP\\htdocs\\EODS\\Master\\vendor\\santigarcor\\laratrust\\src\\Checkers\\User\\UserDefaultChecker.php(156): Illuminate\\Database\\Eloquent\\Relations\\BelongsToMany->get()
#9 C:\\XAMPP\\htdocs\\EODS\\Master\\vendor\\santigarcor\\laratrust\\src\\Checkers\\User\\UserDefaultChecker.php(80): Laratrust\\Checkers\\User\\UserDefaultChecker->userCachedRoles()
#10 C:\\XAMPP\\htdocs\\EODS\\Master\\vendor\\santigarcor\\laratrust\\src\\Checkers\\User\\UserDefaultChecker.php(63): Laratrust\\Checkers\\User\\UserDefaultChecker->currentUserHasRole('admin', NULL)
#11 C:\\XAMPP\\htdocs\\EODS\\Master\\vendor\\santigarcor\\laratrust\\src\\Traits\\HasRolesAndPermissions.php(176): Laratrust\\Checkers\\User\\UserDefaultChecker->currentUserHasRole(Array, NULL, false)
#12 C:\\XAMPP\\htdocs\\EODS\\Master\\vendor\\santigarcor\\laratrust\\src\\Laratrust.php(33): App\\Models\\User->hasRole(Array, NULL, false)
#13 C:\\XAMPP\\htdocs\\EODS\\Master\\vendor\\laravel\\framework\\src\\Illuminate\\Support\\Facades\\Facade.php(355): Laratrust\\Laratrust->hasRole(Array)
#14 C:\\XAMPP\\htdocs\\EODS\\Master\\app\\Http\\Controllers\\AdminController.php(30): Illuminate\\Support\\Facades\\Facade::__callStatic('hasRole', Array)
#15 C:\\XAMPP\\htdocs\\EODS\\Master\\vendor\\laravel\\framework\\src\\Illuminate\\Routing\\Controller.php(54): App\\Http\\Controllers\\AdminController->index()
#16 C:\\XAMPP\\htdocs\\EODS\\Master\\vendor\\laravel\\framework\\src\\Illuminate\\Routing\\ControllerDispatcher.php(43): Illuminate\\Routing\\Controller->callAction('index', Array)
#17 C:\\XAMPP\\htdocs\\EODS\\Master\\vendor\\laravel\\framework\\src\\Illuminate\\Routing\\Route.php(259): Illuminate\\Routing\\ControllerDispatcher->dispatch(Object(Illuminate\\Routing\\Route), Object(App\\Http\\Controllers\\AdminController), 'index')
#18 C:\\XAMPP\\htdocs\\EODS\\Master\\vendor\\laravel\\framework\\src\\Illuminate\\Routing\\Route.php(205): Illuminate\\Routing\\Route->runController()
#19 C:\\XAMPP\\htdocs\\EODS\\Master\\vendor\\laravel\\framework\\src\\Illuminate\\Routing\\Router.php(806): Illuminate\\Routing\\Route->run()
#20 C:\\XAMPP\\htdocs\\EODS\\Master\\vendor\\laravel\\framework\\src\\Illuminate\\Pipeline\\Pipeline.php(144): Illuminate\\Routing\\Router->Illuminate\\Routing\\{closure}(Object(Illuminate\\Http\\Request))
#21 C:\\XAMPP\\htdocs\\EODS\\Master\\vendor\\laravel\\framework\\src\\Illuminate\\Routing\\Middleware\\SubstituteBindings.php(50): Illuminate\\Pipeline\\Pipeline->Illuminate\\Pipeline\\{closure}(Object(Illuminate\\Http\\Request))
#22 C:\\XAMPP\\htdocs\\EODS\\Master\\vendor\\laravel\\framework\\src\\Illuminate\\Pipeline\\Pipeline.php(183): Illuminate\\Routing\\Middleware\\SubstituteBindings->handle(Object(Illuminate\\Http\\Request), Object(Closure))
#23 C:\\XAMPP\\htdocs\\EODS\\Master\\vendor\\laravel\\framework\\src\\Illuminate\\Auth\\Middleware\\Authenticate.php(57): Illuminate\\Pipeline\\Pipeline->Illuminate\\Pipeline\\{closure}(Object(Illuminate\\Http\\Request))
#24 C:\\XAMPP\\htdocs\\EODS\\Master\\vendor\\laravel\\framework\\src\\Illuminate\\Pipeline\\Pipeline.php(183): Illuminate\\Auth\\Middleware\\Authenticate->handle(Object(Illuminate\\Http\\Request), Object(Closure))
#25 C:\\XAMPP\\htdocs\\EODS\\Master\\vendor\\laravel\\framework\\src\\Illuminate\\Foundation\\Http\\Middleware\\VerifyCsrfToken.php(78): Illuminate\\Pipeline\\Pipeline->Illuminate\\Pipeline\\{closure}(Object(Illuminate\\Http\\Request))
#26 C:\\XAMPP\\htdocs\\EODS\\Master\\vendor\\laravel\\framework\\src\\Illuminate\\Pipeline\\Pipeline.php(183): Illuminate\\Foundation\\Http\\Middleware\\VerifyCsrfToken->handle(Object(Illuminate\\Http\\Request), Object(Closure))
#27 C:\\XAMPP\\htdocs\\EODS\\Master\\vendor\\laravel\\framework\\src\\Illuminate\\View\\Middleware\\ShareErrorsFromSession.php(49): Illuminate\\Pipeline\\Pipeline->Illuminate\\Pipeline\\{closure}(Object(Illuminate\\Http\\Request))
#28 C:\\XAMPP\\htdocs\\EODS\\Master\\vendor\\laravel\\framework\\src\\Illuminate\\Pipeline\\Pipeline.php(183): Illuminate\\View\\Middleware\\ShareErrorsFromSession->handle(Object(Illuminate\\Http\\Request), Object(Closure))
#29 C:\\XAMPP\\htdocs\\EODS\\Master\\vendor\\laravel\\framework\\src\\Illuminate\\Session\\Middleware\\StartSession.php(121): Illuminate\\Pipeline\\Pipeline->Illuminate\\Pipeline\\{closure}(Object(Illuminate\\Http\\Request))
#30 C:\\XAMPP\\htdocs\\EODS\\Master\\vendor\\laravel\\framework\\src\\Illuminate\\Session\\Middleware\\StartSession.php(64): Illuminate\\Session\\Middleware\\StartSession->handleStatefulRequest(Object(Illuminate\\Http\\Request), Object(Illuminate\\Session\\Store), Object(Closure))
#31 C:\\XAMPP\\htdocs\\EODS\\Master\\vendor\\laravel\\framework\\src\\Illuminate\\Pipeline\\Pipeline.php(183): Illuminate\\Session\\Middleware\\StartSession->handle(Object(Illuminate\\Http\\Request), Object(Closure))
#32 C:\\XAMPP\\htdocs\\EODS\\Master\\vendor\\laravel\\framework\\src\\Illuminate\\Cookie\\Middleware\\AddQueuedCookiesToResponse.php(37): Illuminate\\Pipeline\\Pipeline->Illuminate\\Pipeline\\{closure}(Object(Illuminate\\Http\\Request))
#33 C:\\XAMPP\\htdocs\\EODS\\Master\\vendor\\laravel\\framework\\src\\Illuminate\\Pipeline\\Pipeline.php(183): Illuminate\\Cookie\\Middleware\\AddQueuedCookiesToResponse->handle(Object(Illuminate\\Http\\Request), Object(Closure))
#34 C:\\XAMPP\\htdocs\\EODS\\Master\\vendor\\laravel\\framework\\src\\Illuminate\\Cookie\\Middleware\\EncryptCookies.php(67): Illuminate\\Pipeline\\Pipeline->Illuminate\\Pipeline\\{closure}(Object(Illuminate\\Http\\Request))
#35 C:\\XAMPP\\htdocs\\EODS\\Master\\vendor\\laravel\\framework\\src\\Illuminate\\Pipeline\\Pipeline.php(183): Illuminate\\Cookie\\Middleware\\EncryptCookies->handle(Object(Illuminate\\Http\\Request), Object(Closure))
#36 C:\\XAMPP\\htdocs\\EODS\\Master\\vendor\\laravel\\framework\\src\\Illuminate\\Pipeline\\Pipeline.php(119): Illuminate\\Pipeline\\Pipeline->Illuminate\\Pipeline\\{closure}(Object(Illuminate\\Http\\Request))
#37 C:\\XAMPP\\htdocs\\EODS\\Master\\vendor\\laravel\\framework\\src\\Illuminate\\Routing\\Router.php(805): Illuminate\\Pipeline\\Pipeline->then(Object(Closure))
#38 C:\\XAMPP\\htdocs\\EODS\\Master\\vendor\\laravel\\framework\\src\\Illuminate\\Routing\\Router.php(784): Illuminate\\Routing\\Router->runRouteWithinStack(Object(Illuminate\\Routing\\Route), Object(Illuminate\\Http\\Request))
#39 C:\\XAMPP\\htdocs\\EODS\\Master\\vendor\\laravel\\framework\\src\\Illuminate\\Routing\\Router.php(748): Illuminate\\Routing\\Router->runRoute(Object(Illuminate\\Http\\Request), Object(Illuminate\\Routing\\Route))
#40 C:\\XAMPP\\htdocs\\EODS\\Master\\vendor\\laravel\\framework\\src\\Illuminate\\Routing\\Router.php(737): Illuminate\\Routing\\Router->dispatchToRoute(Object(Illuminate\\Http\\Request))
#41 C:\\XAMPP\\htdocs\\EODS\\Master\\vendor\\laravel\\framework\\src\\Illuminate\\Foundation\\Http\\Kernel.php(200): Illuminate\\Routing\\Router->dispatch(Object(Illuminate\\Http\\Request))
#42 C:\\XAMPP\\htdocs\\EODS\\Master\\vendor\\laravel\\framework\\src\\Illuminate\\Pipeline\\Pipeline.php(144): Illuminate\\Foundation\\Http\\Kernel->Illuminate\\Foundation\\Http\\{closure}(Object(Illuminate\\Http\\Request))
#43 C:\\XAMPP\\htdocs\\EODS\\Master\\vendor\\laravel\\framework\\src\\Illuminate\\Foundation\\Http\\Middleware\\TransformsRequest.php(21): Illuminate\\Pipeline\\Pipeline->Illuminate\\Pipeline\\{closure}(Object(Illuminate\\Http\\Request))
#44 C:\\XAMPP\\htdocs\\EODS\\Master\\vendor\\laravel\\framework\\src\\Illuminate\\Foundation\\Http\\Middleware\\ConvertEmptyStringsToNull.php(31): Illuminate\\Foundation\\Http\\Middleware\\TransformsRequest->handle(Object(Illuminate\\Http\\Request), Object(Closure))
#45 C:\\XAMPP\\htdocs\\EODS\\Master\\vendor\\laravel\\framework\\src\\Illuminate\\Pipeline\\Pipeline.php(183): Illuminate\\Foundation\\Http\\Middleware\\ConvertEmptyStringsToNull->handle(Object(Illuminate\\Http\\Request), Object(Closure))
#46 C:\\XAMPP\\htdocs\\EODS\\Master\\vendor\\laravel\\framework\\src\\Illuminate\\Foundation\\Http\\Middleware\\TransformsRequest.php(21): Illuminate\\Pipeline\\Pipeline->Illuminate\\Pipeline\\{closure}(Object(Illuminate\\Http\\Request))
#47 C:\\XAMPP\\htdocs\\EODS\\Master\\vendor\\laravel\\framework\\src\\Illuminate\\Foundation\\Http\\Middleware\\TrimStrings.php(40): Illuminate\\Foundation\\Http\\Middleware\\TransformsRequest->handle(Object(Illuminate\\Http\\Request), Object(Closure))
#48 C:\\XAMPP\\htdocs\\EODS\\Master\\vendor\\laravel\\framework\\src\\Illuminate\\Pipeline\\Pipeline.php(183): Illuminate\\Foundation\\Http\\Middleware\\TrimStrings->handle(Object(Illuminate\\Http\\Request), Object(Closure))
#49 C:\\XAMPP\\htdocs\\EODS\\Master\\vendor\\laravel\\framework\\src\\Illuminate\\Foundation\\Http\\Middleware\\ValidatePostSize.php(27): Illuminate\\Pipeline\\Pipeline->Illuminate\\Pipeline\\{closure}(Object(Illuminate\\Http\\Request))
#50 C:\\XAMPP\\htdocs\\EODS\\Master\\vendor\\laravel\\framework\\src\\Illuminate\\Pipeline\\Pipeline.php(183): Illuminate\\Foundation\\Http\\Middleware\\ValidatePostSize->handle(Object(Illuminate\\Http\\Request), Object(Closure))
#51 C:\\XAMPP\\htdocs\\EODS\\Master\\vendor\\laravel\\framework\\src\\Illuminate\\Foundation\\Http\\Middleware\\PreventRequestsDuringMaintenance.php(99): Illuminate\\Pipeline\\Pipeline->Illuminate\\Pipeline\\{closure}(Object(Illuminate\\Http\\Request))
#52 C:\\XAMPP\\htdocs\\EODS\\Master\\vendor\\laravel\\framework\\src\\Illuminate\\Pipeline\\Pipeline.php(183): Illuminate\\Foundation\\Http\\Middleware\\PreventRequestsDuringMaintenance->handle(Object(Illuminate\\Http\\Request), Object(Closure))
#53 C:\\XAMPP\\htdocs\\EODS\\Master\\vendor\\laravel\\framework\\src\\Illuminate\\Http\\Middleware\\HandleCors.php(49): Illuminate\\Pipeline\\Pipeline->Illuminate\\Pipeline\\{closure}(Object(Illuminate\\Http\\Request))
#54 C:\\XAMPP\\htdocs\\EODS\\Master\\vendor\\laravel\\framework\\src\\Illuminate\\Pipeline\\Pipeline.php(183): Illuminate\\Http\\Middleware\\HandleCors->handle(Object(Illuminate\\Http\\Request), Object(Closure))
#55 C:\\XAMPP\\htdocs\\EODS\\Master\\vendor\\laravel\\framework\\src\\Illuminate\\Http\\Middleware\\TrustProxies.php(39): Illuminate\\Pipeline\\Pipeline->Illuminate\\Pipeline\\{closure}(Object(Illuminate\\Http\\Request))
#56 C:\\XAMPP\\htdocs\\EODS\\Master\\vendor\\laravel\\framework\\src\\Illuminate\\Pipeline\\Pipeline.php(183): Illuminate\\Http\\Middleware\\TrustProxies->handle(Object(Illuminate\\Http\\Request), Object(Closure))
#57 C:\\XAMPP\\htdocs\\EODS\\Master\\vendor\\laravel\\framework\\src\\Illuminate\\Pipeline\\Pipeline.php(119): Illuminate\\Pipeline\\Pipeline->Illuminate\\Pipeline\\{closure}(Object(Illuminate\\Http\\Request))
#58 C:\\XAMPP\\htdocs\\EODS\\Master\\vendor\\laravel\\framework\\src\\Illuminate\\Foundation\\Http\\Kernel.php(175): Illuminate\\Pipeline\\Pipeline->then(Object(Closure))
#59 C:\\XAMPP\\htdocs\\EODS\\Master\\vendor\\laravel\\framework\\src\\Illuminate\\Foundation\\Http\\Kernel.php(144): Illuminate\\Foundation\\Http\\Kernel->sendRequestThroughRouter(Object(Illuminate\\Http\\Request))
#60 C:\\XAMPP\\htdocs\\EODS\\Master\\public\\index.php(51): Illuminate\\Foundation\\Http\\Kernel->handle(Object(Illuminate\\Http\\Request))
#61 C:\\XAMPP\\htdocs\\EODS\\Master\\vendor\\laravel\\framework\\src\\Illuminate\\Foundation\\resources\\server.php(16): require_once('C:\\\\XAMPP\\\\htdocs...')
#62 {main}

[previous exception] [object] (PDOException(code: 42S22): SQLSTATE[42S22]: Column not found: 1054 Unknown column 'role_user.user_type' in 'SELECT' at C:\\XAMPP\\htdocs\\EODS\\Master\\vendor\\laravel\\framework\\src\\Illuminate\\Database\\Connection.php:423)
[stacktrace]
#0 C:\\XAMPP\\htdocs\\EODS\\Master\\vendor\\laravel\\framework\\src\\Illuminate\\Database\\Connection.php(423): PDO->prepare('select `roles`....')
#1 C:\\XAMPP\\htdocs\\EODS\\Master\\vendor\\laravel\\framework\\src\\Illuminate\\Database\\Connection.php(816): Illuminate\\Database\\Connection->Illuminate\\Database\\{closure}('select `roles`....', Array)
#2 C:\\XAMPP\\htdocs\\EODS\\Master\\vendor\\laravel\\framework\\src\\Illuminate\\Database\\Connection.php(783): Illuminate\\Database\\Connection->runQueryCallback('select `roles`....', Array, Object(Closure))
#3 C:\\XAMPP\\htdocs\\EODS\\Master\\vendor\\laravel\\framework\\src\\Illuminate\\Database\\Connection.php(414): Illuminate\\Database\\Connection->run('select `roles`....', Array, Object(Closure))
#4 C:\\XAMPP\\htdocs\\EODS\\Master\\vendor\\laravel\\framework\\src\\Illuminate\\Database\\Query\\Builder.php(2797): Illuminate\\Database\\Connection->select('select `roles`....', Array, true)
#5 C:\\XAMPP\\htdocs\\EODS\\Master\\vendor\\laravel\\framework\\src\\Illuminate\\Database\\Query\\Builder.php(2786): Illuminate\\Database\\Query\\Builder->runSelect()
#6 C:\\XAMPP\\htdocs\\EODS\\Master\\vendor\\laravel\\framework\\src\\Illuminate\\Database\\Query\\Builder.php(3340): Illuminate\\Database\\Query\\Builder->Illuminate\\Database\\Query\\{closure}()
#7 C:\\XAMPP\\htdocs\\EODS\\Master\\vendor\\laravel\\framework\\src\\Illuminate\\Database\\Query\\Builder.php(2785): Illuminate\\Database\\Query\\Builder->onceWithColumns(Array, Object(Closure))
#8 C:\\XAMPP\\htdocs\\EODS\\Master\\vendor\\laravel\\framework\\src\\Illuminate\\Database\\Eloquent\\Builder.php(738): Illuminate\\Database\\Query\\Builder->get(Array)
#9 C:\\XAMPP\\htdocs\\EODS\\Master\\vendor\\laravel\\framework\\src\\Illuminate\\Database\\Eloquent\\Relations\\BelongsToMany.php(874): Illuminate\\Database\\Eloquent\\Builder->getModels()
#10 C:\\XAMPP\\htdocs\\EODS\\Master\\vendor\\santigarcor\\laratrust\\src\\Checkers\\User\\UserDefaultChecker.php(156): Illuminate\\Database\\Eloquent\\Relations\\BelongsToMany->get()
#11 C:\\XAMPP\\htdocs\\EODS\\Master\\vendor\\santigarcor\\laratrust\\src\\Checkers\\User\\UserDefaultChecker.php(80): Laratrust\\Checkers\\User\\UserDefaultChecker->userCachedRoles()
#12 C:\\XAMPP\\htdocs\\EODS\\Master\\vendor\\santigarcor\\laratrust\\src\\Checkers\\User\\UserDefaultChecker.php(63): Laratrust\\Checkers\\User\\UserDefaultChecker->currentUserHasRole('admin', NULL)
#13 C:\\XAMPP\\htdocs\\EODS\\Master\\vendor\\santigarcor\\laratrust\\src\\Traits\\HasRolesAndPermissions.php(176): Laratrust\\Checkers\\User\\UserDefaultChecker->currentUserHasRole(Array, NULL, false)
#14 C:\\XAMPP\\htdocs\\EODS\\Master\\vendor\\santigarcor\\laratrust\\src\\Laratrust.php(33): App\\Models\\User->hasRole(Array, NULL, false)
#15 C:\\XAMPP\\htdocs\\EODS\\Master\\vendor\\laravel\\framework\\src\\Illuminate\\Support\\Facades\\Facade.php(355): Laratrust\\Laratrust->hasRole(Array)
#16 C:\\XAMPP\\htdocs\\EODS\\Master\\app\\Http\\Controllers\\AdminController.php(30): Illuminate\\Support\\Facades\\Facade::__callStatic('hasRole', Array)
#17 C:\\XAMPP\\htdocs\\EODS\\Master\\vendor\\laravel\\framework\\src\\Illuminate\\Routing\\Controller.php(54): App\\Http\\Controllers\\AdminController->index()
#18 C:\\XAMPP\\htdocs\\EODS\\Master\\vendor\\laravel\\framework\\src\\Illuminate\\Routing\\ControllerDispatcher.php(43): Illuminate\\Routing\\Controller->callAction('index', Array)
#19 C:\\XAMPP\\htdocs\\EODS\\Master\\vendor\\laravel\\framework\\src\\Illuminate\\Routing\\Route.php(259): Illuminate\\Routing\\ControllerDispatcher->dispatch(Object(Illuminate\\Routing\\Route), Object(App\\Http\\Controllers\\AdminController), 'index')
#20 C:\\XAMPP\\htdocs\\EODS\\Master\\vendor\\laravel\\framework\\src\\Illuminate\\Routing\\Route.php(205): Illuminate\\Routing\\Route->runController()
#21 C:\\XAMPP\\htdocs\\EODS\\Master\\vendor\\laravel\\framework\\src\\Illuminate\\Routing\\Router.php(806): Illuminate\\Routing\\Route->run()
#22 C:\\XAMPP\\htdocs\\EODS\\Master\\vendor\\laravel\\framework\\src\\Illuminate\\Pipeline\\Pipeline.php(144): Illuminate\\Routing\\Router->Illuminate\\Routing\\{closure}(Object(Illuminate\\Http\\Request))
#23 C:\\XAMPP\\htdocs\\EODS\\Master\\vendor\\laravel\\framework\\src\\Illuminate\\Routing\\Middleware\\SubstituteBindings.php(50): Illuminate\\Pipeline\\Pipeline->Illuminate\\Pipeline\\{closure}(Object(Illuminate\\Http\\Request))
#24 C:\\XAMPP\\htdocs\\EODS\\Master\\vendor\\laravel\\framework\\src\\Illuminate\\Pipeline\\Pipeline.php(183): Illuminate\\Routing\\Middleware\\SubstituteBindings->handle(Object(Illuminate\\Http\\Request), Object(Closure))
#25 C:\\XAMPP\\htdocs\\EODS\\Master\\vendor\\laravel\\framework\\src\\Illuminate\\Auth\\Middleware\\Authenticate.php(57): Illuminate\\Pipeline\\Pipeline->Illuminate\\Pipeline\\{closure}(Object(Illuminate\\Http\\Request))
#26 C:\\XAMPP\\htdocs\\EODS\\Master\\vendor\\laravel\\framework\\src\\Illuminate\\Pipeline\\Pipeline.php(183): Illuminate\\Auth\\Middleware\\Authenticate->handle(Object(Illuminate\\Http\\Request), Object(Closure))
#27 C:\\XAMPP\\htdocs\\EODS\\Master\\vendor\\laravel\\framework\\src\\Illuminate\\Foundation\\Http\\Middleware\\VerifyCsrfToken.php(78): Illuminate\\Pipeline\\Pipeline->Illuminate\\Pipeline\\{closure}(Object(Illuminate\\Http\\Request))
#28 C:\\XAMPP\\htdocs\\EODS\\Master\\vendor\\laravel\\framework\\src\\Illuminate\\Pipeline\\Pipeline.php(183): Illuminate\\Foundation\\Http\\Middleware\\VerifyCsrfToken->handle(Object(Illuminate\\Http\\Request), Object(Closure))
#29 C:\\XAMPP\\htdocs\\EODS\\Master\\vendor\\laravel\\framework\\src\\Illuminate\\View\\Middleware\\ShareErrorsFromSession.php(49): Illuminate\\Pipeline\\Pipeline->Illuminate\\Pipeline\\{closure}(Object(Illuminate\\Http\\Request))
#30 C:\\XAMPP\\htdocs\\EODS\\Master\\vendor\\laravel\\framework\\src\\Illuminate\\Pipeline\\Pipeline.php(183): Illuminate\\View\\Middleware\\ShareErrorsFromSession->handle(Object(Illuminate\\Http\\Request), Object(Closure))
#31 C:\\XAMPP\\htdocs\\EODS\\Master\\vendor\\laravel\\framework\\src\\Illuminate\\Session\\Middleware\\StartSession.php(121): Illuminate\\Pipeline\\Pipeline->Illuminate\\Pipeline\\{closure}(Object(Illuminate\\Http\\Request))
#32 C:\\XAMPP\\htdocs\\EODS\\Master\\vendor\\laravel\\framework\\src\\Illuminate\\Session\\Middleware\\StartSession.php(64): Illuminate\\Session\\Middleware\\StartSession->handleStatefulRequest(Object(Illuminate\\Http\\Request), Object(Illuminate\\Session\\Store), Object(Closure))
#33 C:\\XAMPP\\htdocs\\EODS\\Master\\vendor\\laravel\\framework\\src\\Illuminate\\Pipeline\\Pipeline.php(183): Illuminate\\Session\\Middleware\\StartSession->handle(Object(Illuminate\\Http\\Request), Object(Closure))
#34 C:\\XAMPP\\htdocs\\EODS\\Master\\vendor\\laravel\\framework\\src\\Illuminate\\Cookie\\Middleware\\AddQueuedCookiesToResponse.php(37): Illuminate\\Pipeline\\Pipeline->Illuminate\\Pipeline\\{closure}(Object(Illuminate\\Http\\Request))
#35 C:\\XAMPP\\htdocs\\EODS\\Master\\vendor\\laravel\\framework\\src\\Illuminate\\Pipeline\\Pipeline.php(183): Illuminate\\Cookie\\Middleware\\AddQueuedCookiesToResponse->handle(Object(Illuminate\\Http\\Request), Object(Closure))
#36 C:\\XAMPP\\htdocs\\EODS\\Master\\vendor\\laravel\\framework\\src\\Illuminate\\Cookie\\Middleware\\EncryptCookies.php(67): Illuminate\\Pipeline\\Pipeline->Illuminate\\Pipeline\\{closure}(Object(Illuminate\\Http\\Request))
#37 C:\\XAMPP\\htdocs\\EODS\\Master\\vendor\\laravel\\framework\\src\\Illuminate\\Pipeline\\Pipeline.php(183): Illuminate\\Cookie\\Middleware\\EncryptCookies->handle(Object(Illuminate\\Http\\Request), Object(Closure))
#38 C:\\XAMPP\\htdocs\\EODS\\Master\\vendor\\laravel\\framework\\src\\Illuminate\\Pipeline\\Pipeline.php(119): Illuminate\\Pipeline\\Pipeline->Illuminate\\Pipeline\\{closure}(Object(Illuminate\\Http\\Request))
#39 C:\\XAMPP\\htdocs\\EODS\\Master\\vendor\\laravel\\framework\\src\\Illuminate\\Routing\\Router.php(805): Illuminate\\Pipeline\\Pipeline->then(Object(Closure))
#40 C:\\XAMPP\\htdocs\\EODS\\Master\\vendor\\laravel\\framework\\src\\Illuminate\\Routing\\Router.php(784): Illuminate\\Routing\\Router->runRouteWithinStack(Object(Illuminate\\Routing\\Route), Object(Illuminate\\Http\\Request))
#41 C:\\XAMPP\\htdocs\\EODS\\Master\\vendor\\laravel\\framework\\src\\Illuminate\\Routing\\Router.php(748): Illuminate\\Routing\\Router->runRoute(Object(Illuminate\\Http\\Request), Object(Illuminate\\Routing\\Route))
#42 C:\\XAMPP\\htdocs\\EODS\\Master\\vendor\\laravel\\framework\\src\\Illuminate\\Routing\\Router.php(737): Illuminate\\Routing\\Router->dispatchToRoute(Object(Illuminate\\Http\\Request))
#43 C:\\XAMPP\\htdocs\\EODS\\Master\\vendor\\laravel\\framework\\src\\Illuminate\\Foundation\\Http\\Kernel.php(200): Illuminate\\Routing\\Router->dispatch(Object(Illuminate\\Http\\Request))
#44 C:\\XAMPP\\htdocs\\EODS\\Master\\vendor\\laravel\\framework\\src\\Illuminate\\Pipeline\\Pipeline.php(144): Illuminate\\Foundation\\Http\\Kernel->Illuminate\\Foundation\\Http\\{closure}(Object(Illuminate\\Http\\Request))
#45 C:\\XAMPP\\htdocs\\EODS\\Master\\vendor\\laravel\\framework\\src\\Illuminate\\Foundation\\Http\\Middleware\\TransformsRequest.php(21): Illuminate\\Pipeline\\Pipeline->Illuminate\\Pipeline\\{closure}(Object(Illuminate\\Http\\Request))
#46 C:\\XAMPP\\htdocs\\EODS\\Master\\vendor\\laravel\\framework\\src\\Illuminate\\Foundation\\Http\\Middleware\\ConvertEmptyStringsToNull.php(31): Illuminate\\Foundation\\Http\\Middleware\\TransformsRequest->handle(Object(Illuminate\\Http\\Request), Object(Closure))
#47 C:\\XAMPP\\htdocs\\EODS\\Master\\vendor\\laravel\\framework\\src\\Illuminate\\Pipeline\\Pipeline.php(183): Illuminate\\Foundation\\Http\\Middleware\\ConvertEmptyStringsToNull->handle(Object(Illuminate\\Http\\Request), Object(Closure))
#48 C:\\XAMPP\\htdocs\\EODS\\Master\\vendor\\laravel\\framework\\src\\Illuminate\\Foundation\\Http\\Middleware\\TransformsRequest.php(21): Illuminate\\Pipeline\\Pipeline->Illuminate\\Pipeline\\{closure}(Object(Illuminate\\Http\\Request))
#49 C:\\XAMPP\\htdocs\\EODS\\Master\\vendor\\laravel\\framework\\src\\Illuminate\\Foundation\\Http\\Middleware\\TrimStrings.php(40): Illuminate\\Foundation\\Http\\Middleware\\TransformsRequest->handle(Object(Illuminate\\Http\\Request), Object(Closure))
#50 C:\\XAMPP\\htdocs\\EODS\\Master\\vendor\\laravel\\framework\\src\\Illuminate\\Pipeline\\Pipeline.php(183): Illuminate\\Foundation\\Http\\Middleware\\TrimStrings->handle(Object(Illuminate\\Http\\Request), Object(Closure))
#51 C:\\XAMPP\\htdocs\\EODS\\Master\\vendor\\laravel\\framework\\src\\Illuminate\\Foundation\\Http\\Middleware\\ValidatePostSize.php(27): Illuminate\\Pipeline\\Pipeline->Illuminate\\Pipeline\\{closure}(Object(Illuminate\\Http\\Request))
#52 C:\\XAMPP\\htdocs\\EODS\\Master\\vendor\\laravel\\framework\\src\\Illuminate\\Pipeline\\Pipeline.php(183): Illuminate\\Foundation\\Http\\Middleware\\ValidatePostSize->handle(Object(Illuminate\\Http\\Request), Object(Closure))
#53 C:\\XAMPP\\htdocs\\EODS\\Master\\vendor\\laravel\\framework\\src\\Illuminate\\Foundation\\Http\\Middleware\\PreventRequestsDuringMaintenance.php(99): Illuminate\\Pipeline\\Pipeline->Illuminate\\Pipeline\\{closure}(Object(Illuminate\\Http\\Request))
#54 C:\\XAMPP\\htdocs\\EODS\\Master\\vendor\\laravel\\framework\\src\\Illuminate\\Pipeline\\Pipeline.php(183): Illuminate\\Foundation\\Http\\Middleware\\PreventRequestsDuringMaintenance->handle(Object(Illuminate\\Http\\Request), Object(Closure))
#55 C:\\XAMPP\\htdocs\\EODS\\Master\\vendor\\laravel\\framework\\src\\Illuminate\\Http\\Middleware\\HandleCors.php(49): Illuminate\\Pipeline\\Pipeline->Illuminate\\Pipeline\\{closure}(Object(Illuminate\\Http\\Request))
#56 C:\\XAMPP\\htdocs\\EODS\\Master\\vendor\\laravel\\framework\\src\\Illuminate\\Pipeline\\Pipeline.php(183): Illuminate\\Http\\Middleware\\HandleCors->handle(Object(Illuminate\\Http\\Request), Object(Closure))
#57 C:\\XAMPP\\htdocs\\EODS\\Master\\vendor\\laravel\\framework\\src\\Illuminate\\Http\\Middleware\\TrustProxies.php(39): Illuminate\\Pipeline\\Pipeline->Illuminate\\Pipeline\\{closure}(Object(Illuminate\\Http\\Request))
#58 C:\\XAMPP\\htdocs\\EODS\\Master\\vendor\\laravel\\framework\\src\\Illuminate\\Pipeline\\Pipeline.php(183): Illuminate\\Http\\Middleware\\TrustProxies->handle(Object(Illuminate\\Http\\Request), Object(Closure))
#59 C:\\XAMPP\\htdocs\\EODS\\Master\\vendor\\laravel\\framework\\src\\Illuminate\\Pipeline\\Pipeline.php(119): Illuminate\\Pipeline\\Pipeline->Illuminate\\Pipeline\\{closure}(Object(Illuminate\\Http\\Request))
#60 C:\\XAMPP\\htdocs\\EODS\\Master\\vendor\\laravel\\framework\\src\\Illuminate\\Foundation\\Http\\Kernel.php(175): Illuminate\\Pipeline\\Pipeline->then(Object(Closure))
#61 C:\\XAMPP\\htdocs\\EODS\\Master\\vendor\\laravel\\framework\\src\\Illuminate\\Foundation\\Http\\Kernel.php(144): Illuminate\\Foundation\\Http\\Kernel->sendRequestThroughRouter(Object(Illuminate\\Http\\Request))
#62 C:\\XAMPP\\htdocs\\EODS\\Master\\public\\index.php(51): Illuminate\\Foundation\\Http\\Kernel->handle(Object(Illuminate\\Http\\Request))
#63 C:\\XAMPP\\htdocs\\EODS\\Master\\vendor\\laravel\\framework\\src\\Illuminate\\Foundation\\resources\\server.php(16): require_once('C:\\\\XAMPP\\\\htdocs...')
#64 {main}
"} 
[2026-05-15 09:21:21] local.ERROR: Class "App\Http\Controllers\UserController" does not exist {"exception":"[object] (ReflectionException(code: -1): Class \"App\\Http\\Controllers\\UserController\" does not exist at C:\\XAMPP\\htdocs\\EODS\\Master\\vendor\\laravel\\framework\\src\\Illuminate\\Foundation\\Console\\RouteListCommand.php:225)
[stacktrace]
#0 C:\\XAMPP\\htdocs\\EODS\\Master\\vendor\\laravel\\framework\\src\\Illuminate\\Foundation\\Console\\RouteListCommand.php(225): ReflectionClass->__construct('App\\\\Http\\\\Contro...')
#1 C:\\XAMPP\\htdocs\\EODS\\Master\\vendor\\laravel\\framework\\src\\Illuminate\\Foundation\\Console\\RouteListCommand.php(147): Illuminate\\Foundation\\Console\\RouteListCommand->isVendorRoute(Object(Illuminate\\Routing\\Route))
#2 C:\\XAMPP\\htdocs\\EODS\\Master\\vendor\\laravel\\framework\\src\\Illuminate\\Foundation\\Console\\RouteListCommand.php(116): Illuminate\\Foundation\\Console\\RouteListCommand->getRouteInformation(Object(Illuminate\\Routing\\Route))
#3 [internal function]: Illuminate\\Foundation\\Console\\RouteListCommand->Illuminate\\Foundation\\Console\\{closure}(Object(Illuminate\\Routing\\Route), 32)
#4 C:\\XAMPP\\htdocs\\EODS\\Master\\vendor\\laravel\\framework\\src\\Illuminate\\Collections\\Arr.php(600): array_map(Object(Closure), Array, Array)
#5 C:\\XAMPP\\htdocs\\EODS\\Master\\vendor\\laravel\\framework\\src\\Illuminate\\Collections\\Collection.php(777): Illuminate\\Support\\Arr::map(Array, Object(Closure))
#6 C:\\XAMPP\\htdocs\\EODS\\Master\\vendor\\laravel\\framework\\src\\Illuminate\\Foundation\\Console\\RouteListCommand.php(115): Illuminate\\Support\\Collection->map(Object(Closure))
#7 C:\\XAMPP\\htdocs\\EODS\\Master\\vendor\\laravel\\framework\\src\\Illuminate\\Foundation\\Console\\RouteListCommand.php(101): Illuminate\\Foundation\\Console\\RouteListCommand->getRoutes()
#8 C:\\XAMPP\\htdocs\\EODS\\Master\\vendor\\laravel\\framework\\src\\Illuminate\\Container\\BoundMethod.php(36): Illuminate\\Foundation\\Console\\RouteListCommand->handle()
#9 C:\\XAMPP\\htdocs\\EODS\\Master\\vendor\\laravel\\framework\\src\\Illuminate\\Container\\Util.php(41): Illuminate\\Container\\BoundMethod::Illuminate\\Container\\{closure}()
#10 C:\\XAMPP\\htdocs\\EODS\\Master\\vendor\\laravel\\framework\\src\\Illuminate\\Container\\BoundMethod.php(93): Illuminate\\Container\\Util::unwrapIfClosure(Object(Closure))
#11 C:\\XAMPP\\htdocs\\EODS\\Master\\vendor\\laravel\\framework\\src\\Illuminate\\Container\\BoundMethod.php(35): Illuminate\\Container\\BoundMethod::callBoundMethod(Object(Illuminate\\Foundation\\Application), Array, Object(Closure))
#12 C:\\XAMPP\\htdocs\\EODS\\Master\\vendor\\laravel\\framework\\src\\Illuminate\\Container\\Container.php(662): Illuminate\\Container\\BoundMethod::call(Object(Illuminate\\Foundation\\Application), Array, Array, NULL)
#13 C:\\XAMPP\\htdocs\\EODS\\Master\\vendor\\laravel\\framework\\src\\Illuminate\\Console\\Command.php(211): Illuminate\\Container\\Container->call(Array)
#14 C:\\XAMPP\\htdocs\\EODS\\Master\\vendor\\symfony\\console\\Command\\Command.php(326): Illuminate\\Console\\Command->execute(Object(Symfony\\Component\\Console\\Input\\ArgvInput), Object(Illuminate\\Console\\OutputStyle))
#15 C:\\XAMPP\\htdocs\\EODS\\Master\\vendor\\laravel\\framework\\src\\Illuminate\\Console\\Command.php(180): Symfony\\Component\\Console\\Command\\Command->run(Object(Symfony\\Component\\Console\\Input\\ArgvInput), Object(Illuminate\\Console\\OutputStyle))
#16 C:\\XAMPP\\htdocs\\EODS\\Master\\vendor\\symfony\\console\\Application.php(1096): Illuminate\\Console\\Command->run(Object(Symfony\\Component\\Console\\Input\\ArgvInput), Object(Symfony\\Component\\Console\\Output\\ConsoleOutput))
#17 C:\\XAMPP\\htdocs\\EODS\\Master\\vendor\\symfony\\console\\Application.php(324): Symfony\\Component\\Console\\Application->doRunCommand(Object(Illuminate\\Foundation\\Console\\RouteListCommand), Object(Symfony\\Component\\Console\\Input\\ArgvInput), Object(Symfony\\Component\\Console\\Output\\ConsoleOutput))
#18 C:\\XAMPP\\htdocs\\EODS\\Master\\vendor\\symfony\\console\\Application.php(175): Symfony\\Component\\Console\\Application->doRun(Object(Symfony\\Component\\Console\\Input\\ArgvInput), Object(Symfony\\Component\\Console\\Output\\ConsoleOutput))
#19 C:\\XAMPP\\htdocs\\EODS\\Master\\vendor\\laravel\\framework\\src\\Illuminate\\Foundation\\Console\\Kernel.php(201): Symfony\\Component\\Console\\Application->run(Object(Symfony\\Component\\Console\\Input\\ArgvInput), Object(Symfony\\Component\\Console\\Output\\ConsoleOutput))
#20 C:\\XAMPP\\htdocs\\EODS\\Master\\artisan(35): Illuminate\\Foundation\\Console\\Kernel->handle(Object(Symfony\\Component\\Console\\Input\\ArgvInput), Object(Symfony\\Component\\Console\\Output\\ConsoleOutput))
#21 {main}
"} 
[2026-05-16 15:45:20] local.ERROR: Maximum execution time of 60 seconds exceeded {"exception":"[object] (Symfony\\Component\\ErrorHandler\\Error\\FatalError(code: 0): Maximum execution time of 60 seconds exceeded at C:\\XAMPP\\htdocs\\EODS\\Master\\vendor\\laravel\\framework\\src\\Illuminate\\Database\\Connectors\\Connector.php:65)
[stacktrace]
#0 {main}
"} 
[2026-05-18 02:01:53] local.ERROR: Undefined array key 1 {"userId":37,"exception":"[object] (ErrorException(code: 0): Undefined array key 1 at C:\\XAMPP\\htdocs\\EODS\\Master\\app\\Models\\Stock.php:95)
[stacktrace]
#0 C:\\XAMPP\\htdocs\\EODS\\Master\\vendor\\laravel\\framework\\src\\Illuminate\\Foundation\\Bootstrap\\HandleExceptions.php(255): Illuminate\\Foundation\\Bootstrap\\HandleExceptions->handleError(2, 'Undefined array...', 'C:\\\\XAMPP\\\\htdocs...', 95)
#1 C:\\XAMPP\\htdocs\\EODS\\Master\\app\\Models\\Stock.php(95): Illuminate\\Foundation\\Bootstrap\\HandleExceptions->Illuminate\\Foundation\\Bootstrap\\{closure}(2, 'Undefined array...', 'C:\\\\XAMPP\\\\htdocs...', 95)
#2 C:\\XAMPP\\htdocs\\EODS\\Master\\app\\Http\\Controllers\\StockController.php(93): App\\Models\\Stock::get_dtStock(Object(Illuminate\\Http\\Request))
#3 C:\\XAMPP\\htdocs\\EODS\\Master\\vendor\\laravel\\framework\\src\\Illuminate\\Routing\\Controller.php(54): App\\Http\\Controllers\\StockController->show(Object(Illuminate\\Http\\Request), ':id')
#4 C:\\XAMPP\\htdocs\\EODS\\Master\\vendor\\laravel\\framework\\src\\Illuminate\\Routing\\ControllerDispatcher.php(43): Illuminate\\Routing\\Controller->callAction('show', Array)
#5 C:\\XAMPP\\htdocs\\EODS\\Master\\vendor\\laravel\\framework\\src\\Illuminate\\Routing\\Route.php(259): Illuminate\\Routing\\ControllerDispatcher->dispatch(Object(Illuminate\\Routing\\Route), Object(App\\Http\\Controllers\\StockController), 'show')
#6 C:\\XAMPP\\htdocs\\EODS\\Master\\vendor\\laravel\\framework\\src\\Illuminate\\Routing\\Route.php(205): Illuminate\\Routing\\Route->runController()
#7 C:\\XAMPP\\htdocs\\EODS\\Master\\vendor\\laravel\\framework\\src\\Illuminate\\Routing\\Router.php(806): Illuminate\\Routing\\Route->run()
#8 C:\\XAMPP\\htdocs\\EODS\\Master\\vendor\\laravel\\framework\\src\\Illuminate\\Pipeline\\Pipeline.php(144): Illuminate\\Routing\\Router->Illuminate\\Routing\\{closure}(Object(Illuminate\\Http\\Request))
#9 C:\\XAMPP\\htdocs\\EODS\\Master\\vendor\\laravel\\framework\\src\\Illuminate\\Routing\\Middleware\\SubstituteBindings.php(50): Illuminate\\Pipeline\\Pipeline->Illuminate\\Pipeline\\{closure}(Object(Illuminate\\Http\\Request))
#10 C:\\XAMPP\\htdocs\\EODS\\Master\\vendor\\laravel\\framework\\src\\Illuminate\\Pipeline\\Pipeline.php(183): Illuminate\\Routing\\Middleware\\SubstituteBindings->handle(Object(Illuminate\\Http\\Request), Object(Closure))
#11 C:\\XAMPP\\htdocs\\EODS\\Master\\vendor\\laravel\\framework\\src\\Illuminate\\Auth\\Middleware\\Authenticate.php(57): Illuminate\\Pipeline\\Pipeline->Illuminate\\Pipeline\\{closure}(Object(Illuminate\\Http\\Request))
#12 C:\\XAMPP\\htdocs\\EODS\\Master\\vendor\\laravel\\framework\\src\\Illuminate\\Pipeline\\Pipeline.php(183): Illuminate\\Auth\\Middleware\\Authenticate->handle(Object(Illuminate\\Http\\Request), Object(Closure))
#13 C:\\XAMPP\\htdocs\\EODS\\Master\\vendor\\laravel\\framework\\src\\Illuminate\\Foundation\\Http\\Middleware\\VerifyCsrfToken.php(78): Illuminate\\Pipeline\\Pipeline->Illuminate\\Pipeline\\{closure}(Object(Illuminate\\Http\\Request))
#14 C:\\XAMPP\\htdocs\\EODS\\Master\\vendor\\laravel\\framework\\src\\Illuminate\\Pipeline\\Pipeline.php(183): Illuminate\\Foundation\\Http\\Middleware\\VerifyCsrfToken->handle(Object(Illuminate\\Http\\Request), Object(Closure))
#15 C:\\XAMPP\\htdocs\\EODS\\Master\\vendor\\laravel\\framework\\src\\Illuminate\\View\\Middleware\\ShareErrorsFromSession.php(49): Illuminate\\Pipeline\\Pipeline->Illuminate\\Pipeline\\{closure}(Object(Illuminate\\Http\\Request))
#16 C:\\XAMPP\\htdocs\\EODS\\Master\\vendor\\laravel\\framework\\src\\Illuminate\\Pipeline\\Pipeline.php(183): Illuminate\\View\\Middleware\\ShareErrorsFromSession->handle(Object(Illuminate\\Http\\Request), Object(Closure))
#17 C:\\XAMPP\\htdocs\\EODS\\Master\\vendor\\laravel\\framework\\src\\Illuminate\\Session\\Middleware\\StartSession.php(121): Illuminate\\Pipeline\\Pipeline->Illuminate\\Pipeline\\{closure}(Object(Illuminate\\Http\\Request))
#18 C:\\XAMPP\\htdocs\\EODS\\Master\\vendor\\laravel\\framework\\src\\Illuminate\\Session\\Middleware\\StartSession.php(64): Illuminate\\Session\\Middleware\\StartSession->handleStatefulRequest(Object(Illuminate\\Http\\Request), Object(Illuminate\\Session\\Store), Object(Closure))
#19 C:\\XAMPP\\htdocs\\EODS\\Master\\vendor\\laravel\\framework\\src\\Illuminate\\Pipeline\\Pipeline.php(183): Illuminate\\Session\\Middleware\\StartSession->handle(Object(Illuminate\\Http\\Request), Object(Closure))
#20 C:\\XAMPP\\htdocs\\EODS\\Master\\vendor\\laravel\\framework\\src\\Illuminate\\Cookie\\Middleware\\AddQueuedCookiesToResponse.php(37): Illuminate\\Pipeline\\Pipeline->Illuminate\\Pipeline\\{closure}(Object(Illuminate\\Http\\Request))
#21 C:\\XAMPP\\htdocs\\EODS\\Master\\vendor\\laravel\\framework\\src\\Illuminate\\Pipeline\\Pipeline.php(183): Illuminate\\Cookie\\Middleware\\AddQueuedCookiesToResponse->handle(Object(Illuminate\\Http\\Request), Object(Closure))
#22 C:\\XAMPP\\htdocs\\EODS\\Master\\vendor\\laravel\\framework\\src\\Illuminate\\Cookie\\Middleware\\EncryptCookies.php(67): Illuminate\\Pipeline\\Pipeline->Illuminate\\Pipeline\\{closure}(Object(Illuminate\\Http\\Request))
#23 C:\\XAMPP\\htdocs\\EODS\\Master\\vendor\\laravel\\framework\\src\\Illuminate\\Pipeline\\Pipeline.php(183): Illuminate\\Cookie\\Middleware\\EncryptCookies->handle(Object(Illuminate\\Http\\Request), Object(Closure))
#24 C:\\XAMPP\\htdocs\\EODS\\Master\\vendor\\laravel\\framework\\src\\Illuminate\\Pipeline\\Pipeline.php(119): Illuminate\\Pipeline\\Pipeline->Illuminate\\Pipeline\\{closure}(Object(Illuminate\\Http\\Request))
#25 C:\\XAMPP\\htdocs\\EODS\\Master\\vendor\\laravel\\framework\\src\\Illuminate\\Routing\\Router.php(805): Illuminate\\Pipeline\\Pipeline->then(Object(Closure))
#26 C:\\XAMPP\\htdocs\\EODS\\Master\\vendor\\laravel\\framework\\src\\Illuminate\\Routing\\Router.php(784): Illuminate\\Routing\\Router->runRouteWithinStack(Object(Illuminate\\Routing\\Route), Object(Illuminate\\Http\\Request))
#27 C:\\XAMPP\\htdocs\\EODS\\Master\\vendor\\laravel\\framework\\src\\Illuminate\\Routing\\Router.php(748): Illuminate\\Routing\\Router->runRoute(Object(Illuminate\\Http\\Request), Object(Illuminate\\Routing\\Route))
#28 C:\\XAMPP\\htdocs\\EODS\\Master\\vendor\\laravel\\framework\\src\\Illuminate\\Routing\\Router.php(737): Illuminate\\Routing\\Router->dispatchToRoute(Object(Illuminate\\Http\\Request))
#29 C:\\XAMPP\\htdocs\\EODS\\Master\\vendor\\laravel\\framework\\src\\Illuminate\\Foundation\\Http\\Kernel.php(200): Illuminate\\Routing\\Router->dispatch(Object(Illuminate\\Http\\Request))
#30 C:\\XAMPP\\htdocs\\EODS\\Master\\vendor\\laravel\\framework\\src\\Illuminate\\Pipeline\\Pipeline.php(144): Illuminate\\Foundation\\Http\\Kernel->Illuminate\\Foundation\\Http\\{closure}(Object(Illuminate\\Http\\Request))
#31 C:\\XAMPP\\htdocs\\EODS\\Master\\vendor\\laravel\\framework\\src\\Illuminate\\Foundation\\Http\\Middleware\\TransformsRequest.php(21): Illuminate\\Pipeline\\Pipeline->Illuminate\\Pipeline\\{closure}(Object(Illuminate\\Http\\Request))
#32 C:\\XAMPP\\htdocs\\EODS\\Master\\vendor\\laravel\\framework\\src\\Illuminate\\Foundation\\Http\\Middleware\\ConvertEmptyStringsToNull.php(31): Illuminate\\Foundation\\Http\\Middleware\\TransformsRequest->handle(Object(Illuminate\\Http\\Request), Object(Closure))
#33 C:\\XAMPP\\htdocs\\EODS\\Master\\vendor\\laravel\\framework\\src\\Illuminate\\Pipeline\\Pipeline.php(183): Illuminate\\Foundation\\Http\\Middleware\\ConvertEmptyStringsToNull->handle(Object(Illuminate\\Http\\Request), Object(Closure))
#34 C:\\XAMPP\\htdocs\\EODS\\Master\\vendor\\laravel\\framework\\src\\Illuminate\\Foundation\\Http\\Middleware\\TransformsRequest.php(21): Illuminate\\Pipeline\\Pipeline->Illuminate\\Pipeline\\{closure}(Object(Illuminate\\Http\\Request))
#35 C:\\XAMPP\\htdocs\\EODS\\Master\\vendor\\laravel\\framework\\src\\Illuminate\\Foundation\\Http\\Middleware\\TrimStrings.php(40): Illuminate\\Foundation\\Http\\Middleware\\TransformsRequest->handle(Object(Illuminate\\Http\\Request), Object(Closure))
#36 C:\\XAMPP\\htdocs\\EODS\\Master\\vendor\\laravel\\framework\\src\\Illuminate\\Pipeline\\Pipeline.php(183): Illuminate\\Foundation\\Http\\Middleware\\TrimStrings->handle(Object(Illuminate\\Http\\Request), Object(Closure))
#37 C:\\XAMPP\\htdocs\\EODS\\Master\\vendor\\laravel\\framework\\src\\Illuminate\\Foundation\\Http\\Middleware\\ValidatePostSize.php(27): Illuminate\\Pipeline\\Pipeline->Illuminate\\Pipeline\\{closure}(Object(Illuminate\\Http\\Request))
#38 C:\\XAMPP\\htdocs\\EODS\\Master\\vendor\\laravel\\framework\\src\\Illuminate\\Pipeline\\Pipeline.php(183): Illuminate\\Foundation\\Http\\Middleware\\ValidatePostSize->handle(Object(Illuminate\\Http\\Request), Object(Closure))
#39 C:\\XAMPP\\htdocs\\EODS\\Master\\vendor\\laravel\\framework\\src\\Illuminate\\Foundation\\Http\\Middleware\\PreventRequestsDuringMaintenance.php(99): Illuminate\\Pipeline\\Pipeline->Illuminate\\Pipeline\\{closure}(Object(Illuminate\\Http\\Request))
#40 C:\\XAMPP\\htdocs\\EODS\\Master\\vendor\\laravel\\framework\\src\\Illuminate\\Pipeline\\Pipeline.php(183): Illuminate\\Foundation\\Http\\Middleware\\PreventRequestsDuringMaintenance->handle(Object(Illuminate\\Http\\Request), Object(Closure))
#41 C:\\XAMPP\\htdocs\\EODS\\Master\\vendor\\laravel\\framework\\src\\Illuminate\\Http\\Middleware\\HandleCors.php(49): Illuminate\\Pipeline\\Pipeline->Illuminate\\Pipeline\\{closure}(Object(Illuminate\\Http\\Request))
#42 C:\\XAMPP\\htdocs\\EODS\\Master\\vendor\\laravel\\framework\\src\\Illuminate\\Pipeline\\Pipeline.php(183): Illuminate\\Http\\Middleware\\HandleCors->handle(Object(Illuminate\\Http\\Request), Object(Closure))
#43 C:\\XAMPP\\htdocs\\EODS\\Master\\vendor\\laravel\\framework\\src\\Illuminate\\Http\\Middleware\\TrustProxies.php(39): Illuminate\\Pipeline\\Pipeline->Illuminate\\Pipeline\\{closure}(Object(Illuminate\\Http\\Request))
#44 C:\\XAMPP\\htdocs\\EODS\\Master\\vendor\\laravel\\framework\\src\\Illuminate\\Pipeline\\Pipeline.php(183): Illuminate\\Http\\Middleware\\TrustProxies->handle(Object(Illuminate\\Http\\Request), Object(Closure))
#45 C:\\XAMPP\\htdocs\\EODS\\Master\\vendor\\laravel\\framework\\src\\Illuminate\\Pipeline\\Pipeline.php(119): Illuminate\\Pipeline\\Pipeline->Illuminate\\Pipeline\\{closure}(Object(Illuminate\\Http\\Request))
#46 C:\\XAMPP\\htdocs\\EODS\\Master\\vendor\\laravel\\framework\\src\\Illuminate\\Foundation\\Http\\Kernel.php(175): Illuminate\\Pipeline\\Pipeline->then(Object(Closure))
#47 C:\\XAMPP\\htdocs\\EODS\\Master\\vendor\\laravel\\framework\\src\\Illuminate\\Foundation\\Http\\Kernel.php(144): Illuminate\\Foundation\\Http\\Kernel->sendRequestThroughRouter(Object(Illuminate\\Http\\Request))
#48 C:\\XAMPP\\htdocs\\EODS\\Master\\public\\index.php(51): Illuminate\\Foundation\\Http\\Kernel->handle(Object(Illuminate\\Http\\Request))
#49 C:\\XAMPP\\htdocs\\EODS\\Master\\vendor\\laravel\\framework\\src\\Illuminate\\Foundation\\resources\\server.php(16): require_once('C:\\\\XAMPP\\\\htdocs...')
#50 {main}
"} 
[2026-05-18 02:01:54] local.ERROR: Undefined array key 1 {"userId":37,"exception":"[object] (ErrorException(code: 0): Undefined array key 1 at C:\\XAMPP\\htdocs\\EODS\\Master\\app\\Models\\Stock.php:95)
[stacktrace]
#0 C:\\XAMPP\\htdocs\\EODS\\Master\\vendor\\laravel\\framework\\src\\Illuminate\\Foundation\\Bootstrap\\HandleExceptions.php(255): Illuminate\\Foundation\\Bootstrap\\HandleExceptions->handleError(2, 'Undefined array...', 'C:\\\\XAMPP\\\\htdocs...', 95)
#1 C:\\XAMPP\\htdocs\\EODS\\Master\\app\\Models\\Stock.php(95): Illuminate\\Foundation\\Bootstrap\\HandleExceptions->Illuminate\\Foundation\\Bootstrap\\{closure}(2, 'Undefined array...', 'C:\\\\XAMPP\\\\htdocs...', 95)
#2 C:\\XAMPP\\htdocs\\EODS\\Master\\app\\Http\\Controllers\\StockController.php(93): App\\Models\\Stock::get_dtStock(Object(Illuminate\\Http\\Request))
#3 C:\\XAMPP\\htdocs\\EODS\\Master\\vendor\\laravel\\framework\\src\\Illuminate\\Routing\\Controller.php(54): App\\Http\\Controllers\\StockController->show(Object(Illuminate\\Http\\Request), ':id')
#4 C:\\XAMPP\\htdocs\\EODS\\Master\\vendor\\laravel\\framework\\src\\Illuminate\\Routing\\ControllerDispatcher.php(43): Illuminate\\Routing\\Controller->callAction('show', Array)
#5 C:\\XAMPP\\htdocs\\EODS\\Master\\vendor\\laravel\\framework\\src\\Illuminate\\Routing\\Route.php(259): Illuminate\\Routing\\ControllerDispatcher->dispatch(Object(Illuminate\\Routing\\Route), Object(App\\Http\\Controllers\\StockController), 'show')
#6 C:\\XAMPP\\htdocs\\EODS\\Master\\vendor\\laravel\\framework\\src\\Illuminate\\Routing\\Route.php(205): Illuminate\\Routing\\Route->runController()
#7 C:\\XAMPP\\htdocs\\EODS\\Master\\vendor\\laravel\\framework\\src\\Illuminate\\Routing\\Router.php(806): Illuminate\\Routing\\Route->run()
#8 C:\\XAMPP\\htdocs\\EODS\\Master\\vendor\\laravel\\framework\\src\\Illuminate\\Pipeline\\Pipeline.php(144): Illuminate\\Routing\\Router->Illuminate\\Routing\\{closure}(Object(Illuminate\\Http\\Request))
#9 C:\\XAMPP\\htdocs\\EODS\\Master\\vendor\\laravel\\framework\\src\\Illuminate\\Routing\\Middleware\\SubstituteBindings.php(50): Illuminate\\Pipeline\\Pipeline->Illuminate\\Pipeline\\{closure}(Object(Illuminate\\Http\\Request))
#10 C:\\XAMPP\\htdocs\\EODS\\Master\\vendor\\laravel\\framework\\src\\Illuminate\\Pipeline\\Pipeline.php(183): Illuminate\\Routing\\Middleware\\SubstituteBindings->handle(Object(Illuminate\\Http\\Request), Object(Closure))
#11 C:\\XAMPP\\htdocs\\EODS\\Master\\vendor\\laravel\\framework\\src\\Illuminate\\Auth\\Middleware\\Authenticate.php(57): Illuminate\\Pipeline\\Pipeline->Illuminate\\Pipeline\\{closure}(Object(Illuminate\\Http\\Request))
#12 C:\\XAMPP\\htdocs\\EODS\\Master\\vendor\\laravel\\framework\\src\\Illuminate\\Pipeline\\Pipeline.php(183): Illuminate\\Auth\\Middleware\\Authenticate->handle(Object(Illuminate\\Http\\Request), Object(Closure))
#13 C:\\XAMPP\\htdocs\\EODS\\Master\\vendor\\laravel\\framework\\src\\Illuminate\\Foundation\\Http\\Middleware\\VerifyCsrfToken.php(78): Illuminate\\Pipeline\\Pipeline->Illuminate\\Pipeline\\{closure}(Object(Illuminate\\Http\\Request))
#14 C:\\XAMPP\\htdocs\\EODS\\Master\\vendor\\laravel\\framework\\src\\Illuminate\\Pipeline\\Pipeline.php(183): Illuminate\\Foundation\\Http\\Middleware\\VerifyCsrfToken->handle(Object(Illuminate\\Http\\Request), Object(Closure))
#15 C:\\XAMPP\\htdocs\\EODS\\Master\\vendor\\laravel\\framework\\src\\Illuminate\\View\\Middleware\\ShareErrorsFromSession.php(49): Illuminate\\Pipeline\\Pipeline->Illuminate\\Pipeline\\{closure}(Object(Illuminate\\Http\\Request))
#16 C:\\XAMPP\\htdocs\\EODS\\Master\\vendor\\laravel\\framework\\src\\Illuminate\\Pipeline\\Pipeline.php(183): Illuminate\\View\\Middleware\\ShareErrorsFromSession->handle(Object(Illuminate\\Http\\Request), Object(Closure))
#17 C:\\XAMPP\\htdocs\\EODS\\Master\\vendor\\laravel\\framework\\src\\Illuminate\\Session\\Middleware\\StartSession.php(121): Illuminate\\Pipeline\\Pipeline->Illuminate\\Pipeline\\{closure}(Object(Illuminate\\Http\\Request))
#18 C:\\XAMPP\\htdocs\\EODS\\Master\\vendor\\laravel\\framework\\src\\Illuminate\\Session\\Middleware\\StartSession.php(64): Illuminate\\Session\\Middleware\\StartSession->handleStatefulRequest(Object(Illuminate\\Http\\Request), Object(Illuminate\\Session\\Store), Object(Closure))
#19 C:\\XAMPP\\htdocs\\EODS\\Master\\vendor\\laravel\\framework\\src\\Illuminate\\Pipeline\\Pipeline.php(183): Illuminate\\Session\\Middleware\\StartSession->handle(Object(Illuminate\\Http\\Request), Object(Closure))
#20 C:\\XAMPP\\htdocs\\EODS\\Master\\vendor\\laravel\\framework\\src\\Illuminate\\Cookie\\Middleware\\AddQueuedCookiesToResponse.php(37): Illuminate\\Pipeline\\Pipeline->Illuminate\\Pipeline\\{closure}(Object(Illuminate\\Http\\Request))
#21 C:\\XAMPP\\htdocs\\EODS\\Master\\vendor\\laravel\\framework\\src\\Illuminate\\Pipeline\\Pipeline.php(183): Illuminate\\Cookie\\Middleware\\AddQueuedCookiesToResponse->handle(Object(Illuminate\\Http\\Request), Object(Closure))
#22 C:\\XAMPP\\htdocs\\EODS\\Master\\vendor\\laravel\\framework\\src\\Illuminate\\Cookie\\Middleware\\EncryptCookies.php(67): Illuminate\\Pipeline\\Pipeline->Illuminate\\Pipeline\\{closure}(Object(Illuminate\\Http\\Request))
#23 C:\\XAMPP\\htdocs\\EODS\\Master\\vendor\\laravel\\framework\\src\\Illuminate\\Pipeline\\Pipeline.php(183): Illuminate\\Cookie\\Middleware\\EncryptCookies->handle(Object(Illuminate\\Http\\Request), Object(Closure))
#24 C:\\XAMPP\\htdocs\\EODS\\Master\\vendor\\laravel\\framework\\src\\Illuminate\\Pipeline\\Pipeline.php(119): Illuminate\\Pipeline\\Pipeline->Illuminate\\Pipeline\\{closure}(Object(Illuminate\\Http\\Request))
#25 C:\\XAMPP\\htdocs\\EODS\\Master\\vendor\\laravel\\framework\\src\\Illuminate\\Routing\\Router.php(805): Illuminate\\Pipeline\\Pipeline->then(Object(Closure))
#26 C:\\XAMPP\\htdocs\\EODS\\Master\\vendor\\laravel\\framework\\src\\Illuminate\\Routing\\Router.php(784): Illuminate\\Routing\\Router->runRouteWithinStack(Object(Illuminate\\Routing\\Route), Object(Illuminate\\Http\\Request))
#27 C:\\XAMPP\\htdocs\\EODS\\Master\\vendor\\laravel\\framework\\src\\Illuminate\\Routing\\Router.php(748): Illuminate\\Routing\\Router->runRoute(Object(Illuminate\\Http\\Request), Object(Illuminate\\Routing\\Route))
#28 C:\\XAMPP\\htdocs\\EODS\\Master\\vendor\\laravel\\framework\\src\\Illuminate\\Routing\\Router.php(737): Illuminate\\Routing\\Router->dispatchToRoute(Object(Illuminate\\Http\\Request))
#29 C:\\XAMPP\\htdocs\\EODS\\Master\\vendor\\laravel\\framework\\src\\Illuminate\\Foundation\\Http\\Kernel.php(200): Illuminate\\Routing\\Router->dispatch(Object(Illuminate\\Http\\Request))
#30 C:\\XAMPP\\htdocs\\EODS\\Master\\vendor\\laravel\\framework\\src\\Illuminate\\Pipeline\\Pipeline.php(144): Illuminate\\Foundation\\Http\\Kernel->Illuminate\\Foundation\\Http\\{closure}(Object(Illuminate\\Http\\Request))
#31 C:\\XAMPP\\htdocs\\EODS\\Master\\vendor\\laravel\\framework\\src\\Illuminate\\Foundation\\Http\\Middleware\\TransformsRequest.php(21): Illuminate\\Pipeline\\Pipeline->Illuminate\\Pipeline\\{closure}(Object(Illuminate\\Http\\Request))
#32 C:\\XAMPP\\htdocs\\EODS\\Master\\vendor\\laravel\\framework\\src\\Illuminate\\Foundation\\Http\\Middleware\\ConvertEmptyStringsToNull.php(31): Illuminate\\Foundation\\Http\\Middleware\\TransformsRequest->handle(Object(Illuminate\\Http\\Request), Object(Closure))
#33 C:\\XAMPP\\htdocs\\EODS\\Master\\vendor\\laravel\\framework\\src\\Illuminate\\Pipeline\\Pipeline.php(183): Illuminate\\Foundation\\Http\\Middleware\\ConvertEmptyStringsToNull->handle(Object(Illuminate\\Http\\Request), Object(Closure))
#34 C:\\XAMPP\\htdocs\\EODS\\Master\\vendor\\laravel\\framework\\src\\Illuminate\\Foundation\\Http\\Middleware\\TransformsRequest.php(21): Illuminate\\Pipeline\\Pipeline->Illuminate\\Pipeline\\{closure}(Object(Illuminate\\Http\\Request))
#35 C:\\XAMPP\\htdocs\\EODS\\Master\\vendor\\laravel\\framework\\src\\Illuminate\\Foundation\\Http\\Middleware\\TrimStrings.php(40): Illuminate\\Foundation\\Http\\Middleware\\TransformsRequest->handle(Object(Illuminate\\Http\\Request), Object(Closure))
#36 C:\\XAMPP\\htdocs\\EODS\\Master\\vendor\\laravel\\framework\\src\\Illuminate\\Pipeline\\Pipeline.php(183): Illuminate\\Foundation\\Http\\Middleware\\TrimStrings->handle(Object(Illuminate\\Http\\Request), Object(Closure))
#37 C:\\XAMPP\\htdocs\\EODS\\Master\\vendor\\laravel\\framework\\src\\Illuminate\\Foundation\\Http\\Middleware\\ValidatePostSize.php(27): Illuminate\\Pipeline\\Pipeline->Illuminate\\Pipeline\\{closure}(Object(Illuminate\\Http\\Request))
#38 C:\\XAMPP\\htdocs\\EODS\\Master\\vendor\\laravel\\framework\\src\\Illuminate\\Pipeline\\Pipeline.php(183): Illuminate\\Foundation\\Http\\Middleware\\ValidatePostSize->handle(Object(Illuminate\\Http\\Request), Object(Closure))
#39 C:\\XAMPP\\htdocs\\EODS\\Master\\vendor\\laravel\\framework\\src\\Illuminate\\Foundation\\Http\\Middleware\\PreventRequestsDuringMaintenance.php(99): Illuminate\\Pipeline\\Pipeline->Illuminate\\Pipeline\\{closure}(Object(Illuminate\\Http\\Request))
#40 C:\\XAMPP\\htdocs\\EODS\\Master\\vendor\\laravel\\framework\\src\\Illuminate\\Pipeline\\Pipeline.php(183): Illuminate\\Foundation\\Http\\Middleware\\PreventRequestsDuringMaintenance->handle(Object(Illuminate\\Http\\Request), Object(Closure))
#41 C:\\XAMPP\\htdocs\\EODS\\Master\\vendor\\laravel\\framework\\src\\Illuminate\\Http\\Middleware\\HandleCors.php(49): Illuminate\\Pipeline\\Pipeline->Illuminate\\Pipeline\\{closure}(Object(Illuminate\\Http\\Request))
#42 C:\\XAMPP\\htdocs\\EODS\\Master\\vendor\\laravel\\framework\\src\\Illuminate\\Pipeline\\Pipeline.php(183): Illuminate\\Http\\Middleware\\HandleCors->handle(Object(Illuminate\\Http\\Request), Object(Closure))
#43 C:\\XAMPP\\htdocs\\EODS\\Master\\vendor\\laravel\\framework\\src\\Illuminate\\Http\\Middleware\\TrustProxies.php(39): Illuminate\\Pipeline\\Pipeline->Illuminate\\Pipeline\\{closure}(Object(Illuminate\\Http\\Request))
#44 C:\\XAMPP\\htdocs\\EODS\\Master\\vendor\\laravel\\framework\\src\\Illuminate\\Pipeline\\Pipeline.php(183): Illuminate\\Http\\Middleware\\TrustProxies->handle(Object(Illuminate\\Http\\Request), Object(Closure))
#45 C:\\XAMPP\\htdocs\\EODS\\Master\\vendor\\laravel\\framework\\src\\Illuminate\\Pipeline\\Pipeline.php(119): Illuminate\\Pipeline\\Pipeline->Illuminate\\Pipeline\\{closure}(Object(Illuminate\\Http\\Request))
#46 C:\\XAMPP\\htdocs\\EODS\\Master\\vendor\\laravel\\framework\\src\\Illuminate\\Foundation\\Http\\Kernel.php(175): Illuminate\\Pipeline\\Pipeline->then(Object(Closure))
#47 C:\\XAMPP\\htdocs\\EODS\\Master\\vendor\\laravel\\framework\\src\\Illuminate\\Foundation\\Http\\Kernel.php(144): Illuminate\\Foundation\\Http\\Kernel->sendRequestThroughRouter(Object(Illuminate\\Http\\Request))
#48 C:\\XAMPP\\htdocs\\EODS\\Master\\public\\index.php(51): Illuminate\\Foundation\\Http\\Kernel->handle(Object(Illuminate\\Http\\Request))
#49 C:\\XAMPP\\htdocs\\EODS\\Master\\vendor\\laravel\\framework\\src\\Illuminate\\Foundation\\resources\\server.php(16): require_once('C:\\\\XAMPP\\\\htdocs...')
#50 {main}
"} 
[2026-05-18 13:25:27] local.ERROR: Maximum execution time of 60 seconds exceeded {"exception":"[object] (Symfony\\Component\\ErrorHandler\\Error\\FatalError(code: 0): Maximum execution time of 60 seconds exceeded at C:\\XAMPP\\htdocs\\EODS\\Master\\vendor\\laravel\\framework\\src\\Illuminate\\Database\\Connectors\\Connector.php:65)
[stacktrace]
#0 {main}
"} 
